"# of Use","Använt antal"
"%1$s incl tax.","%1$s incl tax."
"%s - %s","%s - %s"
"%s Item(s)","%s artiklar"
"%s and above","%s and above"
"(%d)","(%d)"
"(Copy data from: %s)","(Kopiera data från: %s)"
"(Will make search for the query above return results for this search.)","Innebär att sökningar på ovanstående sökord ger samma resultat som sökningar på detta."
"* Required Fields","* Required Fields"
"-- Please Select --","-- Vänligen välj --"
"86400 by default, if not set. To refresh instantly, Clear the Blocks HTML Output Cache.","86400 by default, if not set. To refresh instantly, Clear the Blocks HTML Output Cache."
"<strong style=""color:red"">Warning!</strong> Applying MAP by default will hide all product prices on the frontend.","<strong style=""color:red"">Warning!</strong> Applying MAP by default will hide all product prices on the frontend."
"A group with the same name already exists.","A group with the same name already exists."
"A name is required","Ett namn är nödvändigt"
"A product type is not defined for the indexer.","A product type is not defined for the indexer."
"ALL GROUPS","ALLA GRUPPER"
"AM","AM"
"Action","Åtgärd"
"Actual Price","Actual Price"
"Add","Add"
"Add Attribute","Lägg till attribut"
"Add Design Change","Lägg till designändring"
"Add Group","Lägg till grupp"
"Add Group Price","Add Group Price"
"Add Items to Cart","Lägg produkter i varukorgen"
"Add New","Lägg till ny"
"Add New Attribute","Lägg till nytt attribut"
"Add New Attribute Set","Lägg till ny attributmängd"
"Add New Group","Lägg till ny grupp"
"Add New Images","Lägg till nya bilder"
"Add New Option","Add New Option"
"Add New Row","Add New Row"
"Add New Search Term","Lägg till ny sökterm"
"Add New Set","Lägg till ny mängd"
"Add Option","Lägg till alternativ"
"Add Product","Lägg till produkt"
"Add Product To Websites","Lägg till produkt till webbplatser"
"Add Root Category","Add Root Category"
"Add Subcategory","Add Subcategory"
"Add Tax","Add Tax"
"Add Tier","Lägg till nivå"
"Add attribute into attribute set","Add attribute into attribute set"
"Add group into attribute set","Add group into attribute set"
"Add new custom option into product","Add new custom option into product"
"Add new values into custom option","Add new values into custom option"
"Add option","Add option"
"Add to Cart","Lägg i varukorgen"
"Add to Compare","Lägg till jämförelse"
"Add to My Wishlist","Lägg till i min önskelista"
"Add to Wishlist","Lägg till i önskelista"
"Additional Information","Mer information"
"Alert Urls","Alert Urls"
"All","Alla"
"All Product Types","Alla produkttyper"
"All Websites","All Websites"
"All products of this set will be deleted! Are you sure you want to delete this attribute set?","All products of this set will be deleted! Are you sure you want to delete this attribute set?"
"Allow All Products per Page","Allow All Products per Page"
"Allow Dynamic Media URLs in Products and Categories","Allow Dynamic Media URLs in Products and Categories"
"Allow HTML Tags on Frontend","Allow HTML Tags on Frontend"
"Allow HTML-tags on Front-end","Allow HTML-tags on Front-end"
"Allowed File Extensions","Allowed File Extensions"
"Allowed file extensions to upload","Allowed file extensions to upload"
"Amount","Amount"
"An error occurred while adding products to websites.","An error occurred while adding products to websites."
"An error occurred while clearing comparison list.","An error occurred while clearing comparison list."
"An error occurred while deleting this review.","An error occurred while deleting this review."
"An error occurred while removing products from websites.","An error occurred while removing products from websites."
"An error occurred while saving the URL rewrite","An error occurred while saving the URL rewrite"
"An error occurred while saving the attribute set.","An error occurred while saving the attribute set."
"An error occurred while saving the collection, aborting. Error message: %s","An error occurred while saving the collection, aborting. Error message: %s"
"An error occurred while saving the product. ","An error occurred while saving the product. "
"An error occurred while saving the search query.","An error occurred while saving the search query."
"An error occurred while saving this group.","An error occurred while saving this group."
"An error occurred while saving this review.","An error occurred while saving this review."
"An error occurred while trying to delete the category.","An error occurred while trying to delete the category."
"An error occurred while updating the product(s) attributes.","An error occurred while updating the product(s) attributes."
"An error occurred while updating the product(s) status.","An error occurred while updating the product(s) status."
"An invalid group ID is specified, skipping the record.","An invalid group ID is specified, skipping the record."
"An invalid option ID is specified for %s (%s), skipping the record.","An invalid option ID is specified for %s (%s), skipping the record."
"An invalid store was specified.","An invalid store was specified."
"Anchor Custom Text","Anchor Custom Text"
"Anchor Custom Title","Anchor Custom Title"
"Applicable to catalog products and categories only. Any media content will be inserted into editor as a static URL. It is not updated if the system configuration base URL changes.","Applicable to catalog products and categories only. Any media content will be inserted into editor as a static URL. It is not updated if the system configuration base URL changes."
"Apply MAP (Default Value)","Apply MAP (Default Value)"
"Apply To","Tillämpa på"
"Apply To Configurable/Grouped Product","Tillämpa på konfigurerbar/grupperad produkt"
"Approved","Godkänd"
"Are you sure you want to delete this category?","Är du säker på att du vill ta bort denna kategori?"
"Are you sure you would like to remove all products from your comparison?","Are you sure you would like to remove all products from your comparison?"
"Are you sure you would like to remove this item from the compare products?","Är du säker på att du vill ta bort denna produkt från jämförelsen?"
"Are you sure?","Är du säker?"
"As low as:","Så lågt som:"
"Assign","Assign"
"Assign product link","Assign product link"
"Assign product to category","Assign product to category"
"Assigned Products","Assigned Products"
"Associated Products","Relaterade produkter"
"Attrib. Set Name","Namn för attributmängd"
"Attribute ""%s"" is invalid.","Attribute ""%s"" is invalid."
"Attribute ""%s"" is required.","Attribute ""%s"" is required."
"Attribute Code","Attributkod"
"Attribute Information","Information om attribut"
"Attribute Label","Attributetikett"
"Attribute Model","Attributmodell"
"Attribute Name:","Attributnamn:"
"Attribute Properties","Attributegenskaper"
"Attribute Set","Attributmängd"
"Attribute Sets","Attribute Sets"
"Attribute add","Attribute add"
"Attribute code is invalid. Please use only letters (a-z), numbers (0-9) or underscore(_) in this field, first character should be a letter.","Attribute code is invalid. Please use only letters (a-z), numbers (0-9) or underscore(_) in this field, first character should be a letter."
"Attribute group with the ""/name/"" name already exists","Attribute group with the ""/name/"" name already exists"
"Attribute group with the \""/name/\"" name already exists","Attribute group with the \""/name/\"" name already exists"
"Attribute model not defined","Attributmodell har inte definierats"
"Attribute remove","Attribute remove"
"Attribute with the same code already exists","Ett attribut med samma kod existerar redan"
"Attributes","Attribut"
"Attrribute names can be specified per store.","Attrribute names can be specified per store."
"Autogenerate","Autogenerera"
"Availability","Availability"
"Availability:","Availability:"
"Availability: In stock.","Lagersaldo: finns i lager."
"Availability: Out of stock.","Lagersaldo: Ej i lager."
"Back","Tillbaka"
"Backend Model","Modell för administrationsdelen"
"Backend Table","Tabell för administrationsdelen"
"Backend Table Title","Titel för tabell för administrationsdelen"
"Backorders","Utestående beställningar"
"Base directory to upload image file is not specified","Baskatalog för uppladdning av bildfiler har inte angetts"
"Based On","Baserad på"
"Before Order Confirmation","Before Order Confirmation"
"Best Value","Mest för pengarna"
"Block after Info Column","Block after Info Column"
"Bottom Block Options Wrapper","Bottom Block Options Wrapper"
"Bottom/Left","Nedre del/Vänster"
"Bottom/Right","Nedre del/Höger"
"Browse By","Bläddra utifrån"
"Bundle Items","Bundle Items"
"Buy %1$s","Buy %1$s"
"Buy %1$s for","Buy %1$s for"
"Buy %1$s for %2$s","Buy %1$s for %2$s"
"Buy %1$s for %2$s (%3$s incl. tax) each","Buy %1$s for %2$s (%3$s incl. tax) each"
"Buy %1$s for %2$s each","Buy %1$s for %2$s each"
"Cache Lifetime (Seconds)","Cache Lifetime (Seconds)"
"Cache refresh needed.","Cache refresh needed."
"Can be Divided into Multiple Boxes for Shipping","Can be Divided into Multiple Boxes for Shipping"
"Can be used only with catalog input type Dropdown","Kan endast användas tillsammans med indatatyp för katalog satt till rullgardinsmeny"
"Can be used only with catalog input type Dropdown, Multiple Select and Price","Kan endast användas tillsammans med indatatyp för katalog satt till rullgardinsmeny, flerval eller pris"
"Can't create image.","Can't create image."
"Can\'t create image.","Can\'t create image."
"Cancel","Cancel"
"Cannot create image.","Cannot create image."
"Cannot create writeable directory '%s'","Cannot create writeable directory '%s'"
"Cannot create writeable directory '%s'.","Cannot create writeable directory '%s'."
"Cart Item Attribute","Attribut för artikel i kundkorg"
"Catalog","Katalog"
"Catalog Category (Anchor)","Catalog Category (Anchor)"
"Catalog Category (Non-Anchor)","Catalog Category (Non-Anchor)"
"Catalog Category (Without Subcategories)","Catalog Category (Without Subcategories)"
"Catalog Category Link","Catalog Category Link"
"Catalog Input Type for Store Owner","Indatatyp för katalog för butiksägare"
"Catalog New Products List","Catalog New Products List"
"Catalog Price Scope","Omfång för katalogpris"
"Catalog Product Compare List","Catalog Product Compare List"
"Catalog Product Email to a Friend","Catalog Product Email to a Friend"
"Catalog Product Image Gallery Popup","Catalog Product Image Gallery Popup"
"Catalog Product Link","Catalog Product Link"
"Catalog Product View (Any)","Catalog Product View (Any)"
"Catalog Product View (Configurable)","Catalog Product View (Configurable)"
"Catalog Product View (Grouped)","Catalog Product View (Grouped)"
"Catalog Product View (Simple)","Catalog Product View (Simple)"
"Catalog Product View (Virtual)","Catalog Product View (Virtual)"
"Catalog Section","Catalog Section"
"Catalog Seo Sitemap (Category List)","Catalog Seo Sitemap (Category List)"
"Catalog Seo Sitemap (Category Tree)","Catalog Seo Sitemap (Category Tree)"
"Catalog Seo Sitemap (Common)","Catalog Seo Sitemap (Common)"
"Catalog Seo Sitemap (Product List)","Catalog Seo Sitemap (Product List)"
"Catalog URL Rewrites","Catalog URL Rewrites"
"Catalog product custom option values API","Catalog product custom option values API"
"Catalog product custom options API","Catalog product custom options API"
"Catalog, Search","Katalog, sök"
"Categories","Kategorier"
"Categories Sitemap","Webbkarta för kategorier"
"Category","Kategori"
"Category API","Category API"
"Category Data","Kategoridata"
"Category Flat Data","Category Flat Data"
"Category Link Block Template","Category Link Block Template"
"Category Link Inline Template","Category Link Inline Template"
"Category Navigation:","Navigation för kategori:"
"Category Products","Produkter i kategori"
"Category Top Navigation","Category Top Navigation"
"Category URL Suffix","Category URL Suffix"
"Category attributes API","Category attributes API"
"Category delete error","Fel uppstod vid borttagning av kategori"
"Category deleted","Kategorin har tagits bort"
"Category move error","Fel uppstod när kategorin skulle flyttas"
"Category move operation is not possible: parent category is equal to child category.","Category move operation is not possible: parent category is equal to child category."
"Category move operation is not possible: the current category was not found.","Category move operation is not possible: the current category was not found."
"Category move operation is not possible: the new parent category was not found.","Category move operation is not possible: the new parent category was not found."
"Category must be an instance of Mage_Catalog_Model_Category.","Category must be an instance of Mage_Catalog_Model_Category."
"Category must be instance of Mage_Catalog_Model_Category","Category must be instance of Mage_Catalog_Model_Category"
"Category saved","Kategorin har sparats"
"Center","Center"
"Change","Ändra"
"Change or Retrieve attribute store view","Change or Retrieve attribute store view"
"Change status","Status för ändring"
"Check items to add to the cart or","Check items to add to the cart or"
"Choose an Option...","Välj ett alternativ..."
"Choose option...","Välj alternativ..."
"Clear All","Clear All"
"Clear All Items","Ta bort alla artiklar"
"Clear Price","Clear Price"
"Click for price","Click for price"
"Close Window","Stäng fönstret"
"Collapse All","Collapse All"
"Comma-separated.","Comma-separated."
"Comparable","Jämförbar"
"Comparable on Front-end","Jämförbar i kunddelen"
"Comparable on the Frontend","Comparable on the Frontend"
"Compare","Compare"
"Compare Items","Jämför artiklar"
"Compare Products","Jämför produkter"
"Compare Products (%d)","Compare Products (%d)"
"Compare Products - %d Items","Jämför %d produkter"
"Compare Products List","Lista över produktjämförelser"
"Compare list successfully cleared","Jämförelselistan har rensats"
"Conditions Combination","Kombinera villkor"
"Configurable Product","Konfigurerbar produkt"
"Configurable Product Settings","Inställningar för konfigurerbar produkt"
"Configure Product","Configure Product"
"Continue","Fortsätt"
"Copy From Configurable","Kopiera från konfigurerbar"
"Country/State","Country/State"
"Create","Create"
"Create (Upload)","Create (Upload)"
"Create Empty","Skapa tom"
"Create Permanent Redirect for URLs if URL Key Changed","Create Permanent Redirect for URLs if URL Key Changed"
"Create Permanent Redirect for old URL","Create Permanent Redirect for old URL"
"Create Product Settings","Inställningar för att skapa produkt"
"Create Simple Associated Product","Skapa enkel relaterad produkt"
"Create attribute set based on another set","Create attribute set based on another set"
"Create new attribute","Create new attribute"
"Create new category","Create new category"
"Create new product","Create new product"
"Cross-sells","Korsförsäljning"
"Currently Shopping by","Handlar för närvarande utifrån"
"Currently Shopping by:","Currently Shopping by:"
"Custom Design","Anpassad design"
"Custom Options","Custom Options"
"Custom options","Custom options"
"Customer Group","Kundgrupp"
"Customers Reviews","Kundernas recensioner"
"Customers Tagged Product","Kundernas uppmärkta produkter"
"Customers for alert %s was successfuly added to queue","Kunder har lagts till i kön för bevakningen %s"
"Data Type for Saving in Database","Datatyp för sparningar i databas"
"Date","Datum"
"Date & Time Custom Options","Date & Time Custom Options"
"Date Fields Order","Date Fields Order"
"Date Subscribed","Prenumeration påbörjades"
"Date fields order","Date fields order"
"Datetime","Datum/tid"
"Decimal","Decimal"
"Decimal Number","Decimaltal"
"Declare attribute value saving scope","Deklarera sparningsomfång för attributvärde"
"Default ""What's This"" Text Message","Default ""What's This"" Text Message"
"Default Popup Text Message","Default Popup Text Message"
"Default Price","Default Price"
"Default Price Navigation Step","Default Price Navigation Step"
"Default Qty","Förvalt antal"
"Default Values","Förvalda värden"
"Default price","Förvalt pris"
"Default value","Förvalt värde"
"Defines the base currency scope (""Currency Setup"" > ""Currency Options"" > ""Base Currency"").","Defines the base currency scope (""Currency Setup"" > ""Currency Options"" > ""Base Currency"")."
"Delete","Ta bort"
"Delete Attribute","Ta bort attribut"
"Delete Attribute Set","Ta bort attributmängd"
"Delete Category","Ta bort kategori"
"Delete Group Price","Delete Group Price"
"Delete Option","Ta bort alternativ"
"Delete Row","Delete Row"
"Delete Search","Ta bort sökning"
"Delete Selected Group","Ta bort vald grupp"
"Delete Tier","Delete Tier"
"Delete attribute","Delete attribute"
"Delete category","Delete category"
"Delete product","Delete product"
"Depends on design theme","Depends on design theme"
"Description","Description"
"Design","Design"
"Details","Details"
"Disabled","Inaktiverad"
"Disallowed file type.","Disallowed file type."
"Display Actual Price","Display Actual Price"
"Display Price Interval as One Price","Display Price Interval as One Price"
"Display Product Count","Display Product Count"
"Display in Suggested Terms","Visa i föreslagna termer"
"Double click on a group to rename it","Dubbelklicka på en grupp för att ändra dess namn"
"Double click on above image to view full picture","Double click on above image to view full picture"
"Downloadable Information","Downloadable Information"
"Dropdown","Rullgardinsmeny"
"Duplicate","Duplicera"
"Duplicate website group price customer group.","Duplicate website group price customer group."
"Duplicate website tier price customer group and quantity.","Duplicera kundgrupp och kvantitet för webbplatsens nivåpris."
"Duplicate website, country and state tax found.","Duplicate website, country and state tax found."
"E.g. {{media url=""path/to/image.jpg""}} {{skin url=""path/to/picture.gif""}}. Dynamic directives parsing impacts catalog performance.","E.g. {{media url=""path/to/image.jpg""}} {{skin url=""path/to/picture.gif""}}. Dynamic directives parsing impacts catalog performance."
"Edit","Ändra"
"Edit Attribute Set '%s'","Ändra attributsmängden '%s'"
"Edit Product Attribute","Ändra produktattribut"
"Edit Product Attribute ""%s""","Ändra produktattribut ""%s"""
"Edit Search","Ändra sök"
"Edit Search '%s'","Hantera sökningar på '%s'"
"Edit Set Name","Edit Set Name"
"Email","E-post"
"Email to a Friend","E-posta till en vän"
"Empty","Tom"
"Enable MAP","Enable MAP"
"Enable Qty Increments","Enable Qty Increments"
"Enable WYSIWYG","Enable WYSIWYG"
"Enabled","Aktiverad"
"Error during retrieval of option value: %s","Ett fel uppstod när alternativvärdet skulle hämtas för: %s"
"Error while adding customers for %s alert. Message: %s","Ett fel uppstod när kunder skulle läggas till för bevakningen %s. Meddelande: %s"
"Error while saving this group. Group with the same name already exists.","Ett fel uppstod när denna grupp skulle sparas. Det existerar redan en grupp med samma namn."
"Error while saving this group. Please try again later.","Ett fel uppstod när denna grupp skulle sparas. Vänligen försök igen senare."
"Exclude","Uteslut"
"Expand All","Expand All"
"Failed","Misslyckades"
"Failed to copy file %s. Please, delete media with non-existing images and try again.","Failed to copy file %s. Please, delete media with non-existing images and try again."
"Failed to move file: %s","Misslyckades med att flytta filen %s"
"Feature Products","Kampanjproduker"
"Field is not complete","Field is not complete"
"File options format is not valid","File options format is not valid"
"File options format is not valid.","File options format is not valid."
"File upload failed","File upload failed"
"Filter model name must be declared","Modellnamn för filter måste anges"
"Filter model name must be declared.","Filter model name must be declared."
"Filter must be an object. Please set correct filter.","Filter must be an object. Please set correct filter."
"Filter must be as object. Set correct filter please","Filer måste vara som ett objekt. Vänligen välj korrekt filter"
"Filterable (no results)","Filtrerbar (inga resultat)"
"Filterable (with results)","Filtrerbar (med resultat)"
"Filters must be as array","Filter måste vara som vektor"
"First Name","Förnamn"
"Fixed","Fixerad"
"Flat Catalog module has a limit of %2$d filterable and/or sort able attributes. Currently there are %1$d. Please reduce the number of filterable/sort able attributes in order to use this module.","Flat Catalog module has a limit of %2$d filterable and/or sort able attributes. Currently there are %1$d. Please reduce the number of filterable/sort able attributes in order to use this module."
"For internal use.","For internal use."
"For internal use. Must be unique with no spaces","För internt bruk. Måste vara unikt och utan mellanslag"
"For reindex enabled product(s) you need specify store or product","For reindex enabled product(s) you need specify store or product"
"For the last time placed.","For the last time placed."
"Frontend","Kunddelen"
"Frontend Model","Modell för kunddelen"
"Frontend Properties","Egenskaper för kunddelen"
"Gallery","Galleri"
"General Information","Allmän information"
"Get full information about attribute with list of options","Get full information about attribute with list of options"
"Get full information about custom option in product","Get full information about custom option in product"
"Get list of available custom option types","Get list of available custom option types"
"Get list of non-default attributes by product type and attributes set","Get list of non-default attributes by product type and attributes set"
"Get list of possible attribute types","Get list of possible attribute types"
"Get special price","Get special price"
"Global","Global"
"Globally Editable","Globalt ändringsbar"
"Go to Home Page","Gå till hemsidan"
"Grid","Rutnät"
"Group add","Group add"
"Group remove","Group remove"
"Grouped Product","Grupperad produkt"
"Groups","Grupper"
"Home","Hem"
"ID","ID"
"ID: %s","ID: %s"
"If empty, the Category Name will be used","If empty, the Category Name will be used"
"If empty, the Product Name will be used","If empty, the Product Name will be used"
"If you do not specify an option value for a specific store view then the default (Admin) value will be used.","If you do not specify an option value for a specific store view then the default (Admin) value will be used."
"Image","Bild"
"Image content is not valid base64 data.","Image content is not valid base64 data."
"Image does not exist.","Image does not exist."
"Image file not found","Bildfilen kunde inte hittas"
"Image file was not found.","Image file was not found."
"Image not exists","Bilden existerar inte"
"Image not specified.","Image not specified."
"Image type and information need to be specified for each store view.","Typ och information för bild måste anges för varje butiksvy."
"In Cart","In Cart"
"In Stock","I lager"
"In stock","I lager"
"In stock.","In stock."
"Incl. Tax","Incl. Tax"
"Index product and categories URL rewrites","Index product and categories URL rewrites"
"Index product attributes for layered navigation building","Index product attributes for layered navigation building"
"Index product prices","Index product prices"
"Indexed category/products association","Indexed category/products association"
"Info","Info"
"Info Column Options Wrapper","Info Column Options Wrapper"
"Input Type","Input Type"
"Input Validation for Store Owner","Indatavalidering för butiksägare"
"Integer","Heltal"
"Integer Number","Heltalsnummer"
"Interval Division Limit","Interval Division Limit"
"Invalid Tier Prices","Invalid Tier Prices"
"Invalid attribute %s","Invalid attribute %s"
"Invalid attribute option specified for attribute %s (%s), skipping the record","Ogiltigt attributsalternativ ha angets för attributet %s (%s). Hoppar över posten"
"Invalid attribute option specified for attribute %s (%s), skipping the record.","Invalid attribute option specified for attribute %s (%s), skipping the record."
"Invalid attribute set specified, skipping the record","Ogiltig attributsmängd har angivits. Hoppar över posten"
"Invalid attribute set specified, skipping the record.","Invalid attribute set specified, skipping the record."
"Invalid block: %s","Ogiltigt block: %s"
"Invalid block: %s.","Invalid block: %s."
"Invalid category","Invalid category"
"Invalid category IDs","Ogiltigt kategori-ID:n"
"Invalid category IDs.","Invalid category IDs."
"Invalid category.","Invalid category."
"Invalid image file type","Ogiltig filtyp för bild"
"Invalid image file type.","Invalid image file type."
"Invalid image type.","Invalid image type."
"Invalid option ID specified for %s (%s), skipping the record.","Invalid option ID specified for %s (%s), skipping the record."
"Invalid option id specified for %s (%s), skipping the record","Ogiltigt alternativ-ID har angivits för %s (%s). Hoppar över posten"
"Invalid product type specified, skipping the record","Ogiltig produkttyp har angetts. Hoppar över posten"
"Invalid product type specified, skipping the record.","Invalid product type specified, skipping the record."
"Invalid store specified","Ogiltig butik har angetts"
"Invalid store specified, skipping the record","Ogiltig butik har angivits. Hoppar över posten"
"Invalid store specified, skipping the record.","Invalid store specified, skipping the record."
"Invalid tier prices. The product is not associated to the requested website.","Invalid tier prices. The product is not associated to the requested website."
"Inventory","Inventering"
"Is Default","Är förvalt"
"Is Required","Is Required"
"Items %s to %s of %s total","Artiklar %s till %s av totalt %s"
"Items that you do not want to show in the catalog or search results should have status 'Disabled' in the desired store.","Items that you do not want to show in the catalog or search results should have status 'Disabled' in the desired store."
"Items that you don't want to show in the catalog or search results should have status 'Disabled' in the desired store.","Artiklar som du inte vill ska visas i katalogen eller i sökresultat bör ha status satt till ""Inaktiverad"" i önskad butik."
"Keep your eyes open for our special Back to School items and save A LOT!","Keep your eyes open for our special Back to School items and save A LOT!"
"Label","Etikett"
"Last Name","Efternamn"
"Last Notification","Senaste meddelande"
"Layered Navigation","Layered Navigation"
"Learn More","Läs mer"
"Length of text is too long","Length of text is too long"
"Letters","Bokstäver"
"Letters(a-zA-Z) or Numbers(0-9)","Bokstäver (a-ö, A-Ö) eller siffror (0-9)"
"Line %d, Email: %s","Rad %d, E-post: %s"
"Line %d, SKU: %s","Rad %d, artikelnummer: %s"
"Link (Related, Up sell, Cross sell)","Link (Related, Up sell, Cross sell)"
"Link product does not exist.","Link product does not exist."
"Link product not exists.","Link product not exists."
"Link to a Specified Category","Link to a Specified Category"
"Link to a Specified Product","Link to a Specified Product"
"List","Lista"
"List Mode","Listläge"
"List of Products that are set as New","List of Products that are set as New"
"List of types","List of types"
"Manage Attribute Sets","Hantera attributmängder"
"Manage Attributes","Hantera attribut"
"Manage Catalog Categories","Hantera katalogkategorier"
"Manage Categories","Hantera kategorier"
"Manage Label / Options","Hantera etiketter / alternativ"
"Manage Options (values of your attribute)","Hantera alternativ (dina attributs värden)"
"Manage Product Attributes","Hantera produktattribut"
"Manage Product Sets","Hantera produktmängder"
"Manage Products","Hantera produkter"
"Manage Stock","Manage Stock"
"Manage Titles (Size, Color, etc.)","Hantera titlar (storlek, färg, etc.)"
"Max Characters","Max Characters"
"Maximal Depth","Maximal Depth"
"Maximum Image Size","Maximum Image Size"
"Maximum Number of Price Intervals","Maximum Number of Price Intervals"
"Maximum Qty Allowed in Shopping Cart","Maximalt antal tillåtet i varukorg"
"Maximum allowed image size for '%s' is %sx%s px.","Maximum allowed image size for '%s' is %sx%s px."
"Maximum image height","Maximum image height"
"Maximum image width","Maximum image width"
"Maximum number of characters","Maximum number of characters"
"Maximum number of characters:","Maximum number of characters:"
"Maximum number of price intervals is 100","Maximum number of price intervals is 100"
"Media Image","Mediabild"
"Minimum Advertised Price","Minimum Advertised Price"
"Minimum Lines Per Page","Minimum Lines Per Page"
"Minimum Lines per Page","Minimum Lines per Page"
"Minimum Qty Allowed in Shopping Cart","Minimum antal tillåtet i varukorg"
"Minimum Qty for Item's Status to be Out of Stock","Lagersaldo för artikel för att dess status ska ändras till ""Slut i lager"""
"Minimum Qty for Item\'s Status to be Out of Stock","Minimum Qty for Item\'s Status to be Out of Stock"
"Missing SKU, skipping the record","Artikelnummer saknas, hoppar över posten"
"Missing SKU, skipping the record.","Missing SKU, skipping the record."
"More Views","Fler bilder"
"Move","Move"
"Move category in tree","Move category in tree"
"Multiple Select","Flerval"
"Must be in the allowed values list.","Must be in the allowed values list."
"N/A","N/A"
"Name","Namn"
"Name In %s","Namn i %s"
"Name in %s","Name in %s"
"Name<br/>(For internal use)","Namn<br/>(För internt bruk)"
"New Category","Ny kategori"
"New Product","Ny produkt"
"New Product Attribute","Nytt produktattribut"
"New Products","Nya produkter"
"New Products Grid Template","New Products Grid Template"
"New Products List Template","New Products List Template"
"New Root Category","New Root Category"
"New Search","Ny sökning"
"New Set Name","Nytt mängdnamn"
"New Subcategory","New Subcategory"
"Next","Nästa"
"No","Nej"
"No image","Ingen bild"
"No layout updates","Inga layoutuppdateringar"
"No options of this product are available.","Inga alternativ är tillgängliga för denna produkt."
"No product collections found","Inga produktsamlingar kunde hittas"
"No product collections found.","No product collections found."
"None","Inga"
"Not Visible Individually","Not Visible Individually"
"Not shared with other products","Delas ej med andra produkter"
"Notify Low Stock RSS","RSS-kanal för meddelanden om artiklar som håller på att ta slut i lager"
"Notify for Quantity Below","Meddelade när lagersaldo är under"
"Nowhere","Ingenstans"
"Number of Products to Display","Number of Products to Display"
"Number of Uses","Antal träffar"
"Number of results","Number of results"
"Number of results (For the last time placed)","Number of results (For the last time placed)"
"Number of results<br/>(For last time placed)","Antal resultat<br/>(senaste placering)"
"OK","OK"
"OR","ELLER"
"Old Price:","Tidigare pris:"
"On Gesture","On Gesture"
"Option validation failed to add product to cart","Option validation failed to add product to cart"
"Option validation failed to add product to cart.","Option validation failed to add product to cart."
"Option values","Option values"
"Option:","Alternativ:"
"Options","Options"
"Options Control","Hantera alternativ"
"Options is required","Alternativ krävs"
"Our customer service is available 24/7. Call us at (555) 555-0123.","Our customer service is available 24/7. Call us at (555) 555-0123."
"Out of Stock","Slut i lager"
"Out of stock","Slut i lager"
"Out of stock.","Slut i lager."
"PM","PM"
"Page Title Separator","Avskiljare för sidtitel"
"Page:","Sida:"
"Parent Category","Föräldrarkatalog"
"Pending","Avvaktande"
"Pending Reviews RSS","RSS-kanal för recensioner att granska"
"Percentage","Procent"
"Please add rows to option.","Please add rows to option."
"Please be careful as once you click on the row it will load package data form the selected file and all unsaved form data will be lost.","Please be careful as once you click on the row it will load package data form the selected file and all unsaved form data will be lost."
"Please click on Close Window button if it won't be closed automatically","Vänligen klicka på Stäng fönstret-knappen om fönstret inte stängs automatiskt"
"Please click on the Close Window button if it is not closed automatically.","Please click on the Close Window button if it is not closed automatically."
"Please enter a new group name","Vänligen skriv in ett nytt namn för gruppen"
"Please refresh ""Catalog Rewrites"" and ""Layered Navigation Indices"" in System -> <a href=""%s"">Cache Management</a>","Please refresh ""Catalog Rewrites"" and ""Layered Navigation Indices"" in System -> <a href=""%s"">Cache Management</a>"
"Please refresh ""Catalog URL Rewrites"" and ""Product Attributes"" in System -> <a href=""%s"">Index Management</a>","Please refresh ""Catalog URL Rewrites"" and ""Product Attributes"" in System -> <a href=""%s"">Index Management</a>"
"Please select  items","Please select  items"
"Please select a static block ...","Please select a static block ..."
"Please select items.","Please select items."
"Please select one or more attributes.","Vänligen välj ett eller flera attribut."
"Please select product(s)","Vänligen välj produkt(er)"
"Please select product(s).","Please select product(s)."
"Please select products for attributes update","Vänligen välj produkter för att uppdatera attribut"
"Please select static block ...","Vänligen välj statiskt block..."
"Please set up merge date/time .","Please set up merge date/time ."
"Please specify date required option(s)","Please specify date required option(s)"
"Please specify date required option(s).","Please specify date required option(s)."
"Please specify the number of products, that will not be divided into subintervals.","Please specify the number of products, that will not be divided into subintervals."
"Please specify the product option(s)","Please specify the product option(s)"
"Please specify the product required option(s)","Please specify the product required option(s)"
"Please specify the product required option(s).","Please specify the product required option(s)."
"Please specify the product(s) quantity","Please specify the product(s) quantity"
"Please specify the product\'s option(s).","Please specify the product\'s option(s)."
"Please specify the product\'s required option(s).","Please specify the product\'s required option(s)."
"Please specify the quantity of product(s).","Please specify the quantity of product(s)."
"Please specify time required option(s)","Please specify time required option(s)"
"Please specify time required option(s).","Please specify time required option(s)."
"Please wait...","Please wait..."
"Please, use four-digit year format","Please, use four-digit year format"
"Position","Placering"
"Position In Layered Navigation","Placering i lagerbaserad navigation"
"Position in Layered Navigation","Position in Layered Navigation"
"Position of attribute in layered navigation block","Placering av attribut i lagerbaserad navigationsblock"
"Prev","Föregående"
"Previous","Föregående"
"Price","Pris"
"Price Navigation Step Calculation","Price Navigation Step Calculation"
"Price Type","Price Type"
"Price is not available","Price is not available"
"Price values for options should be specified in system base currency.","Prisvärden för alternativ bör anges i systemets basvaluta"
"Price:","Pris:"
"Price: %s","Price: %s"
"Print This Page","Skriv ut denna sida"
"Problem saving the collection, aborting. Error: %s","Ett fel uppstod när samlingen skulle sparas, avbryter åtgärden. Felmeddelande: %s"
"Product","Product"
"Product %s successfully added to compare list","Produkten %s har lagts till i jämförelselistan"
"Product %s successfully removed from compare list","Produkten %s har tagits bort från jämförelselistan"
"Product API","Product API"
"Product Alerts","Produktnotifikationer"
"Product Attribute","Produktattribut"
"Product Attributes","Produktattribut"
"Product Categories","Produktkategorier"
"Product Description","Produktbeskrivning"
"Product Extra Info","Product Extra Info"
"Product Flat Data","Product Flat Data"
"Product ID","Product ID"
"Product Image Placeholders","Platsbehållare för produktbild"
"Product Image Watermarks","Vattenmärken för produktbild"
"Product Images","Product Images"
"Product Images API","Product Images API"
"Product In Websites","Produkt på webbplatser"
"Product Info Column","Product Info Column"
"Product Information","Information om produkt"
"Product Link Block Template","Product Link Block Template"
"Product Link Inline Template","Product Link Inline Template"
"Product Listing Sort by","Product Listing Sort by"
"Product Name","Produktnamn"
"Product Prices","Product Prices"
"Product Reviews","Produktrecensioner"
"Product Tags","Produktetiketter"
"Product Tier Price API","Product Tier Price API"
"Product Type","Produkttyp"
"Product URL Suffix","Product URL Suffix"
"Product View Extra Hint","Product View Extra Hint"
"Product attribute sets API","Product attribute sets API"
"Product attribute was successfully deleted","Produktattribut har tagits bort"
"Product attribute was successfully saved","Produktattribut har sparats"
"Product attributes API","Product attributes API"
"Product collection expected","Produktsamling förväntades"
"Product collection expected.","Product collection expected."
"Product deleted","Produkten har tagits bort"
"Product duplicated","Produkten har dupliceras"
"Product has required options","Product has required options"
"Product is not loaded","Product is not loaded"
"Product links API (related, cross sells, up sells)","Product links API (related, cross sells, up sells)"
"Product listing sort by","Product listing sort by"
"Product name","Product name"
"Product saving error.","Ett fel uppstod när produkten skulle sparas."
"Product saving error. ","Product saving error. "
"Product types API","Product types API"
"Product was successfully created.","Produkten har skapats."
"Product was successfully saved.","Produkten har sparats."
"Product with this combination of attributes already associated to configurable.","Det existerar redan en produkt som är relaterad med konfigurerbar och som har samma kombination av attribut."
"Products","Produkter"
"Products Comparison List","Products Comparison List"
"Products Information","Information om produkter"
"Products Reviews","Produktrecensioner"
"Products Sitemap","Webbkarta för produkter"
"Products only","Endast produkter"
"Products per Page on Grid Allowed Values","Products per Page on Grid Allowed Values"
"Products per Page on Grid Default Value","Products per Page on Grid Default Value"
"Products per Page on Grid default value","Förvalt värde för antal produkter per sida (rutnät)"
"Products per Page on List Allowed Values","Products per Page on List Allowed Values"
"Products per Page on List Default Value","Products per Page on List Default Value"
"Products per Page on List allowed values","Products per Page on List allowed values"
"Products per Page on List default value","Förvalt värde för antal produkter per sida (lista)"
"Products per page on Grid allowed values","Products per page on Grid allowed values"
"Properties","Egenskaper"
"Qty","Antal"
"Qty Increments","Qty Increments"
"Qty Uses Decimals","Antal decimaler"
"Qty for Item's Status to become Out of Stock","Qty for Item's Status to become Out of Stock"
"Qty for Item\'s Status to Become Out of Stock","Qty for Item\'s Status to Become Out of Stock"
"Qty:","Qty:"
"Quantity","Quantity"
"Quick Create","Snabbskapa"
"Quick Overview","Översikt"
"Quick simple product creation","Skapa snabbt enkel produkt"
"Records for ""","Poster för """
"Redirect","Omdirigera"
"Redirect URL","URL för omdirigering"
"Regular Price:","Ordinarie pris"
"Related Products","Relaterade produkter"
"Remove","Ta bort"
"Remove Product","Ta bort produkt"
"Remove Product From Websites","Ta bort produkt från webbplatser"
"Remove This Item","Ta bort denna artikel"
"Remove attribute from attribute set","Remove attribute from attribute set"
"Remove attribute set","Remove attribute set"
"Remove custom option","Remove custom option"
"Remove group from attribute set","Remove group from attribute set"
"Remove option","Remove option"
"Remove product assignment","Remove product assignment"
"Remove product image","Remove product image"
"Remove product link","Remove product link"
"Remove value from custom option","Remove value from custom option"
"Rename existing group","Rename existing group"
"Rename group","Rename group"
"Reorganize EAV category structure to flat structure","Reorganize EAV category structure to flat structure"
"Reorganize EAV product structure to flat structure","Reorganize EAV product structure to flat structure"
"Required","Obligatoriskt"
"Reset","Nollställ"
"Results","Resultat"
"Retrieve attribute data","Retrieve attribute data"
"Retrieve attribute list","Retrieve attribute list"
"Retrieve attribute options","Retrieve attribute options"
"Retrieve categories tree","Retrieve categories tree"
"Retrieve category attributes","Retrieve category attributes"
"Retrieve category data","Retrieve category data"
"Retrieve hierarchical tree","Retrieve hierarchical tree"
"Retrieve linked products","Retrieve linked products"
"Retrieve list of assigned products","Retrieve list of assigned products"
"Retrieve list of option values","Retrieve list of option values"
"Retrieve list of product custom options","Retrieve list of product custom options"
"Retrieve one level of categories by website/store view/parent category","Retrieve one level of categories by website/store view/parent category"
"Retrieve option value info","Retrieve option value info"
"Retrieve product","Retrieve product"
"Retrieve product attribute sets","Retrieve product attribute sets"
"Retrieve product image","Retrieve product image"
"Retrieve product image list","Retrieve product image list"
"Retrieve product image types","Retrieve product image types"
"Retrieve product link type attributes","Retrieve product link type attributes"
"Retrieve product link types","Retrieve product link types"
"Retrieve product tier prices","Retrieve product tier prices"
"Retrieve product types","Retrieve product types"
"Retrieve products data","Retrieve products data"
"Retrieve products list by filters","Retrieve products list by filters"
"Review successfully deleted","Recensionen har tagits bort"
"Review was saved successfully","Recensionen har sparats"
"Review was successfully saved","Recensionen har sparats"
"Reviews","Recensioner"
"Roll Over for preview","För över musen för förhandsgranskning"
"Root","Rot"
"SKU","Artikelnummer"
"SKU length should be %s characters maximum.","SKU length should be %s characters maximum."
"Save","Spara"
"Save And Continue Edit","Spara och fortsätt ändra"
"Save Attribute","Spara attribut"
"Save Attribute Set","Spara attributmängd"
"Save Category","Spara kategori"
"Save Search","Spara sökning"
"Save and Continue Edit","Save and Continue Edit"
"Saved ","Har sparats"
"Saved %d record(s)","Saved %d record(s)"
"Scope","Omfång"
"Scope must not be changed, because the attribute is used in configurable products.","Scope must not be changed, because the attribute is used in configurable products."
"Search","Sök"
"Search Engine Optimizations","Sökmotoroptimeringar"
"Search Information","Information om sökning"
"Search Query","Sökfråga"
"Search Term was successfully saved","Söktermen har sparats"
"Search Term with such search query already exist.","Det existerar redan en sökterm med angiven sökfråga."
"Search Term with such search query already exists.","Search Term with such search query already exists."
"Search was successfully deleted","Sökningen har tagits bort"
"Searchable","Sökbar"
"See price before order confirmation.","See price before order confirmation."
"Select Category...","Select Category..."
"Select Configurable Attributes ","Välj konfigurerbara attribut"
"Select Product...","Select Product..."
"Select type of option","Select type of option"
"Select type options required values rows.","Select type options required values rows."
"Selected Product Types","Valda produkttyper"
"Selected configuration is not available.","Selected configuration is not available."
"Send Count","Räknare för leveranser"
"Set Ascending Direction","Stigande ordning"
"Set Descending Direction","Minskande ordning"
"Set Name","Välj namn"
"Set Root Category For Store","Välj butikens rotkategori"
"Set Root Category for Store","Set Root Category for Store"
"Set root category for this store in the <a href=""%s"">configuration</a>","Välj rotkategori för denna butik i <a href=""%s"">inställningar</a>."
"Set special price","Set special price"
"Set/Get current store view","Set/Get current store view"
"Settings","Inställningar"
"Shop By","Shop By"
"Shop by","Handla utifrån"
"Shopping Options","Alternativ för att handla"
"Short Description","Short Description"
"Show","Visa"
"Show Details","Show Details"
"Show Tags","Show Tags"
"Simple Product","Enkel produkt"
"Site Map","Webbkarta"
"Sitemap","Sitemap"
"Skip import row, is not valid value ""%s"" for field ""%s""","Värdet ""%s"" är inte giltigt för fältet ""%s"", hoppar över importraden"
"Skip import row, required field ""%s"" for new customer not defined","Det obligatoriska fältet ""%s"" för nya kunder har inte angetts, hoppar över importraden"
"Skip import row, required field ""%s"" for new products not defined","Det obligatoriska fältet ""%s"" för nya produkter har inte angetts, hoppar över importraden"
"Skip import row, required field ""%s"" for the new customer is not defined.","Skip import row, required field ""%s"" for the new customer is not defined."
"Skip import row, required field ""%s"" not defined","Det obligatoriska fältet ""%s"" har inte angetts, hoppar över importraden"
"Skip import row, store ""%s"" field not exists","Fältet ""%s"" för butiker existerar inte, hoppar över importraden"
"Skip import row, the value ""%s"" is invalid for field ""%s""","Skip import row, the value ""%s"" is invalid for field ""%s"""
"Skipping import row, required field ""%s"" for new products is not defined.","Skipping import row, required field ""%s"" for new products is not defined."
"Skipping import row, required field ""%s"" is not defined.","Skipping import row, required field ""%s"" is not defined."
"Skipping import row, store ""%s"" field does not exist.","Skipping import row, store ""%s"" field does not exist."
"Skipping import row, the value ""%s"" is not valid for the ""%s"" field.","Skipping import row, the value ""%s"" is not valid for the ""%s"" field."
"Some of the processed products have no SKU value defined. Please fill it prior to performing operations on these products.","Some of the processed products have no SKU value defined. Please fill it prior to performing operations on these products."
"Some of the products below do not have all the required options. Please edit them and configure all the required options.","Some of the products below do not have all the required options. Please edit them and configure all the required options."
"Sort By","Sort By"
"Sort Order","Sortering"
"Sort by","Sortera utifrån"
"Source Model","Källmodell"
"Special Expires On: %s","Special Expires On: %s"
"Special Price:","Specialpris:"
"Special Price: %s","Special Price: %s"
"Starting at:","Börjar på:"
"Static","Statisk"
"Static block and products","Statiska block och produkter"
"Static block only","Endast statiskt block"
"Status","Status"
"Stock Availability","Lagersaldo"
"Store","Butik"
"Store View","Butiksvy"
"Stretch","Tänj"
"Subscribe to Feed","Prenumerera på RSS-kanal"
"Subscribe to RSS Feed","Prenumerera på RSS-kanal"
"Super product attributes configuration","Konfiguration av superattribut för produkt"
"Synonym For","Synonym för"
"Synonym for","Synonym för"
"System","System"
"System Properties","Systemegenskaper"
"Tag Name","Etikettnamn"
"Tax","Tax"
"Tax Class","Tax Class"
"Template","Template"
"Text","Text"
"Text Area","Textarea"
"Text Field","Textfält"
"The Flat Catalog module has a limit of %2\$d filterable and/or sortable attributes. Currently there are %1\$d of them. Please reduce the number of filterable/sortable attributes in order to use this module","The Flat Catalog module has a limit of %2\$d filterable and/or sortable attributes. Currently there are %1\$d of them. Please reduce the number of filterable/sortable attributes in order to use this module"
"The attribute model is not defined","The attribute model is not defined"
"The attribute set has been saved.","The attribute set has been saved."
"The base directory to upload file is not specified.","The base directory to upload file is not specified."
"The category has been deleted.","The category has been deleted."
"The category has been saved.","The category has been saved."
"The comparison list was cleared.","The comparison list was cleared."
"The file '%s' for '%s' has an invalid extension","The file '%s' for '%s' has an invalid extension"
"The file '%s' you uploaded is larger than %s Megabytes allowed by server","The file '%s' you uploaded is larger than %s Megabytes allowed by server"
"The file you uploaded is larger than %s Megabytes allowed by server","The file you uploaded is larger than %s Megabytes allowed by server"
"The filters must be an array.","The filters must be an array."
"The image contents is not valid base64 data.","The image contents is not valid base64 data."
"The image is not specified.","The image is not specified."
"The model collection resource name is not defined.","The model collection resource name is not defined."
"The product %s has been added to comparison list.","The product %s has been added to comparison list."
"The product %s has been removed from comparison list.","The product %s has been removed from comparison list."
"The product attribute has been deleted.","The product attribute has been deleted."
"The product attribute has been saved.","The product attribute has been saved."
"The product has been created.","The product has been created."
"The product has been deleted.","The product has been deleted."
"The product has been duplicated.","The product has been duplicated."
"The product has been saved.","The product has been saved."
"The product has required options","The product has required options"
"The review has been deleted","The review has been deleted"
"The review has been saved.","The review has been saved."
"The review was removed by another user or does not exist.","The review was removed by another user or does not exist."
"The search was deleted.","The search was deleted."
"The text is too long","The text is too long"
"There are no %s available.","%s är inte tillgängliga."
"There are no customers for this alert","Inga kunder prenumererar på denna bevakning."
"There are no customers for this alert.","There are no customers for this alert."
"There are no products matching the selection.","There are no products matching the selection."
"There was an error while adding products to websites","Ett fel uppstod när produkterna skulle läggas till webbplatserna"
"There was an error while cleared compare list","There was an error while cleared compare list"
"There was an error while removing products from websites","Ett fel uppstod när produkterna skulle tas bort från webbplatserna"
"There was an error while request processing.","There was an error while request processing."
"There was an error while updating product(s) attributes","Ett fel uppstod när produktattribut skulle uppdateras"
"There was an error while updating product(s) status","There was an error while updating product(s) status"
"This Attribute no longer exists","This Attribute no longer exists"
"This attribute cannot be deleted.","This attribute cannot be deleted."
"This attribute cannot be edited.","This attribute cannot be edited."
"This attribute cannot be updated.","This attribute cannot be updated."
"This attribute is used in configurable products.","This attribute is used in configurable products."
"This attribute is used in configurable products. You cannot remove it from the attribute set.","This attribute is used in configurable products. You cannot remove it from the attribute set."
"This attribute no longer exists","Detta attribut existerar inte längre"
"This attribute set no longer exists.","This attribute set no longer exists."
"This group contains attributes, used in configurable products. Please move these attributes to another group and try again.","This group contains attributes, used in configurable products. Please move these attributes to another group and try again."
"This group contains system attributes. Please move system attributes to another group and try again.","Denna grupp innehåller systemattribut. Vänligen flytta systemattributen till en annan grupp och försök igen."
"This is a required option","This is a required option"
"This product no longer exists.","This product no longer exists."
"This search no longer exists","Denna sökning existerar inte längre."
"This search no longer exists.","This search no longer exists."
"This setting will be applied when all prices in the specific price interval are equal.","This setting will be applied when all prices in the specific price interval are equal."
"Tier Pricing","Prissättning för nivå"
"Tile","Titel"
"Time Format","Time Format"
"Time format","Time format"
"Title","Title"
"To reindex the enabled product(s), the store or product must be specified","To reindex the enabled product(s), the store or product must be specified"
"To see product price, add this item to your cart. You can always remove it later.","To see product price, add this item to your cart. You can always remove it later."
"Top/Left","Överst/Vänster"
"Top/Right","Överst/höger"
"Total Qty Base Items","Total Qty Base Items"
"Total incl. Tax: %1$s","Total incl. Tax: %1$s"
"Total of %d record(s) have been deleted.","Total of %d record(s) have been deleted."
"Total of %d record(s) have been updated.","Total of %d record(s) have been updated."
"Total of %d record(s) were successfully deleted","Totalt %d post(er) har tagits bort"
"Total of %d record(s) were successfully updated","Totalt %d poster har uppdaterats"
"Total of %d record(s) were updated","Total of %d record(s) were updated"
"Type","Typ"
"URL Rewrite Management","URL Rewrite Management"
"Unable to complete request. Please try again later.","Det gick inte att genomföra begäran. Vänligen försök igenom senare."
"Unable to complete this request.","Unable to complete this request."
"Unable to find a search term to delete","Det gick inte att ta bort söktermen då den inte kunde hittas."
"Unable to find a search term to delete.","Unable to find a search term to delete."
"Unable to find an attribute to delete","Det gick inte att ta bort attributet då den inte kunde hittas."
"Unable to find an attribute to delete.","Unable to find an attribute to delete."
"Unable to get product id.","Kunde inte hämta produktid."
"Unable to get the product ID.","Unable to get the product ID."
"Unassigned Attributes","Otilldelade attribut"
"Unique Value","Unikt värde"
"Unique Value (not shared with other products)","Unikt värde (delas inte med andra produkter)"
"Unknown EAV indexer type ""%s"".","Unknown EAV indexer type ""%s""."
"Unknown attribute: %s","Okänt attribut: %s"
"Unknown attribute: %s.","Unknown attribute: %s."
"Unsupported product type ""%s"".","Unsupported product type ""%s""."
"Up-sells","Merförsäljning"
"Update","Update"
"Update Attributes","Update Attributes"
"Update Tier Price","Update Tier Price"
"Update assigned product","Update assigned product"
"Update attribute","Update attribute"
"Update attributes","Uppdatera attribut"
"Update category","Update category"
"Update custom option of product","Update custom option of product"
"Update product","Update product"
"Update product image","Update product image"
"Update product link","Update product link"
"Update product tier prices","Update product tier prices"
"Update value of custom option","Update value of custom option"
"Upload new product image ","Upload new product image "
"Url","URL"
"Url Rewrite Management","Hantera URL-omskrivningar"
"Url rewrie save problem.","Url rewrie save problem."
"Use Canonical Link Meta Tag For Categories","Use Canonical Link Meta Tag For Categories"
"Use Canonical Link Meta Tag For Products","Use Canonical Link Meta Tag For Products"
"Use Categories Path for Product URLs","Use Categories Path for Product URLs"
"Use Config Settings","Använd inställningar för konfiguration"
"Use Default Value","Använd förvalt värde"
"Use Flat Catalog Category","Use Flat Catalog Category"
"Use Flat Catalog Product","Use Flat Catalog Product"
"Use In Layered Navigation","Använd i lagerbaserad navigation"
"Use In Layered Navigation<br/>(Can be used only with catalog input type 'Dropdown')","Använd in lagerbaserad navigation<br/>(Kan endast användas tillsammans med indatatypen för katalog satt till 'Rullgardinsmeny')"
"Use In Search Results Layered Navigation","Use In Search Results Layered Navigation"
"Use JavaScript Calendar","Use JavaScript Calendar"
"Use Static URLs for Media Content in WYSIWYG for Catalog","Use Static URLs for Media Content in WYSIWYG for Catalog"
"Use To Create Configurable Product","Använd för att skapa konfigurerbar produkt"
"Use Tree Like Category Sitemap","Use Tree Like Category Sitemap"
"Use categories path for product URLs","Använd sökväg för kategorier för produkt-URL:er"
"Use config","Use config"
"Use default","Use default"
"Use for Promo Rule Conditions","Use for Promo Rule Conditions"
"Use four-digit year format.","Use four-digit year format."
"Use in Advanced Search","Use in Advanced Search"
"Use in Layered Navigation","Use in Layered Navigation"
"Use in Layered Navigation<br/>(Can be used only with catalog input type 'Dropdown')","Use in Layered Navigation<br/>(Can be used only with catalog input type 'Dropdown')"
"Use in Quick Search","Use in Quick Search"
"Use in advanced search","Använd i avancerad sökning"
"Use in quick search","Använd i snabbsökning"
"Used for Sorting in Product Listing","Used for Sorting in Product Listing"
"Used for sorting in product listing","Used for sorting in product listing"
"Used in Product Listing","Used in Product Listing"
"Used in product listing","Used in product listing"
"Value for ""%s"" is invalid.","Value for ""%s"" is invalid."
"Value for ""%s"" is invalid: %s","Value for ""%s"" is invalid: %s"
"Values Required","Värden krävs"
"Varchar","Varchar"
"View as","Visa som"
"Virtual Product","Virtual Product"
"Visibility","Synlighet"
"Visible","Synlig"
"Visible on Catalog Pages on Front-end","Synlig på kunddelens katalogsidor"
"Visible on Product View Page on Front-end","Visible on Product View Page on Front-end"
"WYSIWYG Editor","WYSIWYG Editor"
"Watermark","Vattenmärke"
"Watermark Default Size","Förvald storlek för vattenmärke"
"Watermark Opacity, Percent","Watermark Opacity, Percent"
"Watermark Position","Placering av vattenmärke"
"We Also Recommend","We Also Recommend"
"Web Site Item Must be checked","Web Site Item Must be checked"
"Web Site Store Must be checked","Web Site Store Must be checked"
"Website","Webbplats"
"Websites","Webbplatser"
"What's this?","What's this?"
"Whether to show ""All"" option in the ""Show X Per Page"" dropdown.","Whether to show ""All"" option in the ""Show X Per Page"" dropdown."
"Will make search for the query above return results for this search.","Will make search for the query above return results for this search."
"Wrong BuyRequest instance in options group","Wrong BuyRequest instance in options group"
"Wrong BuyRequest instance in options group.","Wrong BuyRequest instance in options group."
"Wrong configuration item instance in options group.","Wrong configuration item instance in options group."
"Wrong configuration item option instance in options group.","Wrong configuration item option instance in options group."
"Wrong option instance type in options group","Wrong option instance type in options group"
"Wrong option instance type in options group.","Wrong option instance type in options group."
"Wrong option type to get group instance.","Wrong option type to get group instance."
"Wrong product instance type in options group","Wrong product instance type in options group"
"Wrong product instance type in options group.","Wrong product instance type in options group."
"Wrong product type filter specified","Wrong product type filter specified"
"Wrong product type to extract configurable options.","Wrong product type to extract configurable options."
"Wrong quote item instance in options group","Wrong quote item instance in options group"
"Wrong quote item option instance in options group","Wrong quote item option instance in options group"
"Year Range","Year Range"
"Yes","Ja"
"Yes/No","Ja/nej"
"You cannot delete this attribute","Du kan inte ta bort detta attribut"
"You cannot edit this attribute","Du kan inte ändra på detta attribut"
"You cannot remove system attribute from this set.","Du kan inte ta bort systemattribut från denna mängd."
"You cannot update this attribute","Du kan inte uppdatera detta attribut"
"You have no items to compare.","Du har inga artiklar att jämföra."
"You may also be interested in the following product(s)","Du kanske även är intresserad av följande produkt(er)?"
"Zoom In","Zooma in"
"Zoom Out","Zooma ut"
"[GLOBAL]","[GLOBAL]"
"and","och"
"and above","och ovan"
"cache refresh needed","cache refresh needed"
"categories","categories"
"comma separated","comma separated"
"each","each"
"ex. http://domain.com","t.ex. http://example.com"
"leave blank if its not an image","leave blank if its not an image"
"must be in the allowed values list","must be in the allowed values list"
"per page","per sida"
"products","products"
"px.","px."
"save","save"
"select all","välj alla"
"unselect all","välj bort alla"
"x","x"
