" The customer does not exist in the system anymore."," The customer does not exist in the system anymore."
" The customer doesn't exist in the system anymore","Kunden finns inte längre i systemet."
" [deleted]"," [deleted]"
" and "," and "
"%s (Default Template from Locale)","%s (Default Template from Locale)"
"%s cache type(s) disabled.","%s cache type(s) disabled."
"%s cache type(s) enabled.","%s cache type(s) enabled."
"%s cache type(s) refreshed.","%s cache type(s) refreshed."
"(Absolute path or Relative to Magento install root, ex. var/export)","(Absolut sökväg eller sökväg relativ till Magentos installationsrot, t.ex. var/export)"
"(For Type ""Local Server"" need to use relative path to Magento install var/export or var/import, e.g. var/export, var/import, var/export/some/dir, var/import/some/dir)","(For Type ""Local Server"" need to use relative path to Magento install var/export or var/import, e.g. var/export, var/import, var/export/some/dir, var/import/some/dir)"
"(For US 2-letter state names)","(För stater i USA med 2-bokstavsnamn)"
"(If left empty will be auto-generated)","(Kommer att genereras automatiskt om den lämnas tom)"
"(Leave empty for first spreadsheet)","(Lämna tomt för första kalkylbladet)"
"(Products will be added/updated to this store if 'store' column is blank or missing in the import file.)","(Produkter kommer att läggas till eller uppdateras i denna butik om kolumnen 'Butik' är tom eller saknas i importfilen.)"
"(Shift-)Click or drag to change value","(Shift-)Click or drag to change value"
"(Starting with)","(Börjar med)"
"(When 'No', only mapped fields will be imported. When mapping, use 'column1', 'column2', etc.)","(Om 'Nej' har valts kommer endast kopplade fält att importeras. När du kopplar fält, använd  'kolumn1', 'kolumn2', etc.)"
"(You have to increase php memory_limit before changing this value)","(You have to increase php memory_limit before changing this value)"
"(\\t for tab)","(\\t for tab)"
"(\t for tab)","(\t for tab)"
"* - If indexing is in progress, it will be killed and new indexing process will start","* - If indexing is in progress, it will be killed and new indexing process will start"
"* - If indexing is in progress, it will be killed and new indexing process will start.","* - If indexing is in progress, it will be killed and new indexing process will start."
"* Required Fields","* Required Fields"
"- Click on any of the time parts to increase it","- Click on any of the time parts to increase it"
"- Hold mouse button on any of the above buttons for faster selection.","- Hold mouse button on any of the above buttons for faster selection."
"- Use the %s buttons to select month","- Use the %s buttons to select month"
"- Use the %s, %s buttons to select year","- Use the %s, %s buttons to select year"
"- or Shift-click to decrease it","- or Shift-click to decrease it"
"- or click and drag for faster selection.","- or click and drag for faster selection."
"-- Not Selected --","-- Not Selected --"
"-- Please Select --","-- Vänligen välj --"
"-- Please Select Billing Agreement--","-- Please Select Billing Agreement--"
"-- Please Select a Category --","-- Please Select a Category --"
"-- Please select --","-- Please select --"
"-- Please select a category --","-- Vänligen välj en kategori --"
"--Please Select--","-- Vänligen välj --"
"1 Hour","1 Hour"
"12 Hours","12 Hours"
"12h AM/PM","12h AM/PM"
"2 Hours","2 Hours"
"24 Hours","24 Hours"
"24h","24h"
"2YTD","Senaste 2 åren"
"6 Hours","6 Hours"
"<h1 class=""page-heading"">404 Error</h1><p>Page not found.</p>","<h1 class=""page-heading"">404-fel</h1><p>Sidan kunde inte hittas.</p>"
"<h1 class=""page-heading"">Access denied</h1><p>Access denied.</p>","<h1 class=""page-heading"">Åtkomst nekades</h1><p>Tyvärr saknar du behörighet för att komma åt denna sida.</p>"
"<strong>%s</strong> requests access to your account","<strong>%s</strong> requests access to your account"
"<strong>Attention</strong>: Captcha is case sensitive.","<strong>Attention</strong>: Captcha is case sensitive."
"A new password was sent to your email address. Please check your email and click Back to Login.","A new password was sent to your email address. Please check your email and click Back to Login."
"A user with the same user name or email aleady exists.","A user with the same user name or email aleady exists."
"API Key","API Key"
"API Key Confirmation","API Key Confirmation"
"API Stability","API-stabilitet"
"API Version","API-version"
"API:","API:"
"ASCII","ASCII"
"Abandoned Carts","Abandoned Carts"
"About the calendar","About the calendar"
"Access Denied","Access Denied"
"Access Denied.","Åtkomst nekades."
"Access Deny","Åtkomst nekades"
"Access denied","Access denied"
"Access denied.","Access denied."
"Account Created in:","Kontot skapades i:"
"Account Created on (%s):","Account Created on (%s):"
"Account Created on:","Kontot skapades den:"
"Account Information","Kontoinformation"
"Account Status","Account Status"
"Account status","Kontostatus"
"Account successfully saved","Kontot har sparats"
"Action","Åtgärd"
"Actions","Åtgärder"
"Actions XML","XML för åtgärder"
"Active","Aktiv"
"Add","Add"
"Add Contents Path","Add Contents Path"
"Add Exception","Add Exception"
"Add Field Mapping","Lägg till fältkoppling"
"Add Field with URL:","Add Field with URL:"
"Add Maintainer","Add Maintainer"
"Add New","Add New"
"Add New Image","Lägg till ny bild"
"Add New Profile","Lägg till ny profil"
"Add New Role","Lägg till ny roll"
"Add New Template","Lägg till ny mall"
"Add New URL Rewrite","Add New URL Rewrite"
"Add New Urlrewrite","Lägg till ny regel för URL-omskrivning"
"Add New User","Lägg till ny användare"
"Add New Variable","Add New Variable"
"Add New osCommerce Profile","Add New osCommerce Profile"
"Add PHP Extension dependency","Add PHP Extension dependency"
"Add Package dependency","Add Package dependency"
"Add Products","Add Products"
"Add Subpackage dependency","Add Subpackage dependency"
"Add URL Rewrite","Add URL Rewrite"
"Add URL Rewrite for a Category","Add URL Rewrite for a Category"
"Add URL Rewrite for a Product","Add URL Rewrite for a Product"
"Add Urlrewrite","Add Urlrewrite"
"Add Urlrewrite for a Category","Add Urlrewrite for a Category"
"Add Urlrewrite for a Product","Add Urlrewrite for a Product"
"Add after","Add after"
"Add new Role","Lägg till ny roll"
"Add new store view map","Add new store view map"
"Add new website map","Add new website map"
"Additional Cache Management","Additional Cache Management"
"Address Type:","Adresstyp:"
"Admin","Administratör"
"Advanced Admin Section","Advanced Admin Section"
"Advanced Profiles","Avancerade profiler"
"Advanced Section","Advanced Section"
"After authorization application will have access to you account.","After authorization application will have access to you account."
"Aggregate Order","Sammanställd beställning"
"All","Alla"
"All Allowed Countries","Alla tillåtna länder"
"All Cache","All Cache"
"All Files","Alla filer"
"All Reviews","All Reviews"
"All Store Views","Alla butiksvyer"
"All Tags","Alla etiketter"
"All Websites","Alla webbplatser"
"All countries","Alla länder"
"All fields","Alla fält"
"All possible rates were fetched, click on ""Save"" to apply","Alla tillgängliga valutakurser har hämtats. Klicka på ""Spara"" för att godkänna ändringen."
"All possible rates were fetched, please click on ""Save"" to apply","All possible rates were fetched, please click on ""Save"" to apply"
"All rates were fetched, click on ""Save"" to apply","Alla valutakurser har hämtats. Klicka på ""Spara"" för att godkänna ändringen."
"All rates were fetched, please click on ""Save"" to apply","All rates were fetched, please click on ""Save"" to apply"
"All valid rates have been saved.","All valid rates have been saved."
"All valid rates successfully saved","Alla giltiga valutakurser har sparats"
"Always (during development)","Always (during development)"
"Amounts","Summa"
"An error has occured while syncronizing media storages.","An error has occured while syncronizing media storages."
"An error occurred while clearing the JavaScript/CSS cache.","An error occurred while clearing the JavaScript/CSS cache."
"An error occurred while clearing the image cache.","An error occurred while clearing the image cache."
"An error occurred while deleting URL Rewrite.","An error occurred while deleting URL Rewrite."
"An error occurred while deleting email template data. Please review log and try again.","An error occurred while deleting email template data. Please review log and try again."
"An error occurred while deleting record(s).","An error occurred while deleting record(s)."
"An error occurred while deleting this role.","An error occurred while deleting this role."
"An error occurred while deleting this set.","An error occurred while deleting this set."
"An error occurred while deleting this template.","An error occurred while deleting this template."
"An error occurred while finishing process. Please refresh the cache","An error occurred while finishing process. Please refresh the cache"
"An error occurred while rebuilding the CatalogInventory Stock Status.","An error occurred while rebuilding the CatalogInventory Stock Status."
"An error occurred while rebuilding the catalog index.","An error occurred while rebuilding the catalog index."
"An error occurred while rebuilding the flat catalog category.","An error occurred while rebuilding the flat catalog category."
"An error occurred while rebuilding the flat product catalog.","An error occurred while rebuilding the flat product catalog."
"An error occurred while rebuilding the search index.","An error occurred while rebuilding the search index."
"An error occurred while refreshing the Catalog Rewrites.","An error occurred while refreshing the Catalog Rewrites."
"An error occurred while refreshing the Layered Navigation indices.","An error occurred while refreshing the Layered Navigation indices."
"An error occurred while refreshing the catalog rewrites.","An error occurred while refreshing the catalog rewrites."
"An error occurred while refreshing the layered navigation indices.","An error occurred while refreshing the layered navigation indices."
"An error occurred while saving URL Rewrite.","An error occurred while saving URL Rewrite."
"An error occurred while saving account.","An error occurred while saving account."
"An error occurred while saving review.","An error occurred while saving review."
"An error occurred while saving the customer.","An error occurred while saving the customer."
"An error occurred while saving this configuration:","An error occurred while saving this configuration:"
"An error occurred while saving this role.","An error occurred while saving this role."
"An error occurred while saving this template.","An error occurred while saving this template."
"An error occurred while updating the selected review(s).","An error occurred while updating the selected review(s)."
"Any","Vilken som helst"
"Any Attribute Set","Vilken attributmängd som helst"
"Any Group","Vilken grupp som helst"
"Any Status","Vilken status som helst"
"Any Store","Vilken butik som helst"
"Any Type","Vilken typ som helst"
"Any Visibility","Vilken synlighet som helst"
"Any data created since the backup was made will be lost including admin users, customers and orders.","Any data created since the backup was made will be lost including admin users, customers and orders."
"Api Key","Api Key"
"Api Key Confirmation","Api Key Confirmation"
"Archive file name:","Arkivfilens namn:"
"Are you sure that you want to delete this template?","Är du säker på att du vill ta bort denna mall?"
"Are you sure that you want to strip tags?","Är du säker på att du vill ta bort etiketter?"
"Are you sure you want to do this?","Är du säker på att du vill göra detta?"
"Are you sure you want to proceed?","Are you sure you want to proceed?"
"Are you sure you wish to INSTALL all selected packages?","Är du säker på att du vill INSTALLERA alla valda paket?"
"Are you sure you wish to UNINSTALL all selected packages?","Är du säker på att du vill AVINSTALLERA alla valda paket?"
"Are you sure you wish to UPGRADE all selected packages?","Är du säker på att du vill UPPGRADERA alla valda paket?"
"Area","Area"
"As low as:","As low as:"
"Assigned","Utsedd"
"Associated Tags","Associated Tags"
"Attribute Set Name:","Attributmängdens namn:"
"Attribute set successfully saved.","Attributmängden har sparats."
"Attribute set was successfully removed.","Attributmängden har tagits bort."
"Attributes","Attributes"
"Authorization confirmed","Authorization confirmed"
"Authorize","Authorize"
"Authorize application","Authorize application"
"Authorized OAuth Tokens","Authorized OAuth Tokens"
"Automatic (equalize price ranges)","Automatic (equalize price ranges)"
"Automatic (equalize product counts)","Automatic (equalize product counts)"
"Available Products","Available Products"
"Available Version","Tillgänglig version"
"Average Order Amount","Genomsnittlig beställningssumma:"
"Average Orders","Genomsnittlig beställning"
"BINARY","BINARY"
"Back","Tillbaka"
"Back to Login","Tillbaka till inloggningen"
"Back to local packages","Bakåt till lokala paket"
"Backup","Säkerhetskopiering"
"Backup Name","Backup Name"
"Backup options","Backup options"
"Backup record was deleted","Säkerhetskopian har tagits bort"
"Backup successfully created","Säkerhetskopian har skapats"
"Backups","Säkerhetskopior"
"Base currency","Grundvaluta"
"Bcc","Bcc"
"Bestsellers","Bästsäljare"
"Big Image","Stor bild"
"Billing Address","Fakturaadress"
"Billing Address: ","Billing Address: "
"Billing Agreement","Billing Agreement"
"Billing Agreements","Billing Agreements"
"Billing address","Fakturaadress"
"Block Information","Blockinformation"
"Both (without and with tax)","Båda (utan och med moms)"
"Both IPN and PDT","Both IPN and PDT"
"Browse Available Extensions","Blädda igenom tillgängliga tillägg"
"Browse Available Remote Extensions","Bläddra igenom tillgängliga fjärrtillägg"
"Browse Files...","Bläddra igenom filer..."
"Bundle Items","Bundle Items"
"Bundle with dynamic pricing cannot include custom defined options. Options will not be saved.","Bundle with dynamic pricing cannot include custom defined options. Options will not be saved."
"CMS","CMS"
"CRITICAL","CRITICAL"
"CSV","CSV"
"CSV / Tab separated","CSV/tabbseparerad"
"Cache Control","Cache Control"
"Cache Control (beta)","Cache Control (beta)"
"Cache Management","Cache Management"
"Cache Type","Cache Type"
"Can not add new comment.","Can not add new comment."
"Can not add tracking number.","Can not add tracking number."
"Can not delete tracking number.","Can not delete tracking number."
"Can not do credit memo for order","Can not do credit memo for order"
"Can not do invoice for order","Can not do invoice for order"
"Can not do shipment for order.","Can not do shipment for order."
"Can not initialize shipment for adding tracking number.","Can not initialize shipment for adding tracking number."
"Can not initialize shipment for delete tracking number.","Can not initialize shipment for delete tracking number."
"Can not load track with retrieving identifier.","Can not load track with retrieving identifier."
"Can not retrieve tracking number detail.","Can not retrieve tracking number detail."
"Can not save credit memo","Can not save credit memo"
"Can not save invoice","Can not save invoice"
"Can not save shipment.","Can not save shipment."
"Can not send shipment information.","Can not send shipment information."
"Can not update item qty","Can not update item qty"
"Can't delete design change","Kan ej ta bort designändring"
"Can't find email address.","Kan ej hitta e-postadress."
"Cancel","Cancel"
"Cannot add new comment.","Cannot add new comment."
"Cannot add tracking number.","Cannot add tracking number."
"Cannot create an invoice without products.","Cannot create an invoice without products."
"Cannot create credit memo for the order.","Cannot create credit memo for the order."
"Cannot delete the design change.","Cannot delete the design change."
"Cannot delete tracking number.","Cannot delete tracking number."
"Cannot do shipment for the order separately from invoice.","Cannot do shipment for the order separately from invoice."
"Cannot do shipment for the order.","Cannot do shipment for the order."
"Cannot initialize shipment for adding tracking number.","Cannot initialize shipment for adding tracking number."
"Cannot initialize shipment for delete tracking number.","Cannot initialize shipment for delete tracking number."
"Cannot load track with retrieving identifier.","Cannot load track with retrieving identifier."
"Cannot retrieve tracking number detail.","Cannot retrieve tracking number detail."
"Cannot save shipment.","Cannot save shipment."
"Cannot save the credit memo.","Cannot save the credit memo."
"Cannot send shipment information.","Cannot send shipment information."
"Cannot update item quantity.","Cannot update item quantity."
"Cannot update the item\'s quantity.","Cannot update the item\'s quantity."
"Card Verification Number","Kortets säkerhetskod"
"Catalog","Katalog"
"Catalog Price Rules","Catalog Price Rules"
"Catalog Rewrites","Catalog Rewrites"
"Catalog Rewrites was refreshed successfully","Catalog Rewrites was refreshed successfully"
"Catalog Rewrites were refreshed successfully","Catalog Rewrites were refreshed successfully"
"CatalogInventory Stock Status rebuild error. Please try again later","CatalogInventory Stock Status rebuild error. Please try again later"
"CatalogInventory Stock Status was rebuilt successfully","CatalogInventory Stock Status was rebuilt successfully"
"Categories","Categories"
"Category","Kategori"
"Category:","Category:"
"Changelog","Ändringslogg"
"Channel","Kanal"
"Channel:","Kanal:"
"Chart is disabled. If you want to enable chart, click <a href=""%s"">here</a>.","Chart is disabled. If you want to enable chart, click <a href=""%s"">here</a>."
"Checkbox","Checkbox"
"Child Transactions","Child Transactions"
"Choose Store View","Välj butiksvy"
"Choose Store View:","Choose Store View:"
"Choose an attribute","Välj ett attribut"
"Chosen category does not associated with any website, so url rewrite is not possible.","Chosen category does not associated with any website, so url rewrite is not possible."
"Chosen product does not associated with any website, so url rewrite is not possible.","Chosen product does not associated with any website, so url rewrite is not possible."
"Clear","Clear"
"Close","Close"
"Comment text field can not be empty.","Comment text field can not be empty."
"Comment text field cannot be empty.","Comment text field cannot be empty."
"Comments History","Historik för kommentarer"
"Complete","Slutförd"
"Config form fieldset clone model required to be able to clone fields","Config form fieldset clone model required to be able to clone fields"
"Configuration","Konfiguration"
"Configuration successfully saved","Konfigurationen har sparats"
"Confirm New Password","Confirm New Password"
"Confirm token authorization Pop Up for admin","Confirm token authorization Pop Up for admin"
"Confirm token authorization for admin","Confirm token authorization for admin"
"Confirmation Of Authorization","Confirmation Of Authorization"
"Confirmed email:","Confirmed email:"
"Conflicts","Konflikter"
"Connect with the Magento Community","Besök Magentos webbplats"
"Contents","Innehåll"
"Continue","Continue"
"Convert to Plain Text","Konvertera till vanlig text"
"Cookie (Unsafe)","Kaka (osäker)"
"Cookie (unsafe)","Cookie (unsafe)"
"Country","Land"
"Country:","Land:"
"Coupon Code","Kupongkod"
"Coupons","Kuponger"
"Create","Skapa"
"Create DB Backup","Create DB Backup"
"Create Extension Package","Skapa tilläggspaket"
"Create New Attribute","Skapa nytt attribut"
"Create New Staging Store View","Create New Staging Store View"
"Create URL Rewrite:","Create URL Rewrite:"
"Create Urlrewrite:","Create Urlrewrite:"
"Create a backup","Create a backup"
"Created <strong>%s</strong> items","Created <strong>%s</strong> items"
"Created At","Skapades den"
"Credit Card %s","Credit Card %s"
"Credit Card Number","Bankkortsnummer"
"Credit Card Number: xxxx-%s","Bankkortsnummer: xxxx-%s"
"Credit Card Type","Typ av bankkort"
"Credit Card Type: %s","Typ av bankkort: %s"
"Credit Memo #%s comment added","Meddelande har lagts till kreditnota #%s"
"Credit Memo #%s created","Kreditnota #%s har skapats"
"Credit Memo History","Historik för kreditnotor"
"Credit Memo Totals","Summa för kreditnotor"
"Credit Memo cancel error.","Credit Memo cancel error."
"Credit Memo total must be positive.","Credit Memo total must be positive."
"Credit Memo void error","Credit Memo void error"
"Credit Memo was successfully canceled.","Credit Memo was successfully canceled."
"Credit Memo was successfully created","Credit Memo was successfully created"
"Credit Memo was successfully voided","Credit Memo was successfully voided"
"Credit Memos","Credit Memos"
"Credit memo #%s comment added","Credit memo #%s comment added"
"Credit memo #%s created","Credit memo #%s created"
"Credit memo\'s total must be positive.","Credit memo\'s total must be positive."
"Currency","Valuta"
"Currency ""%s"" is used as %s in %s.","Currency ""%s"" is used as %s in %s."
"Currency Information","Valutainformation"
"Currency Setup Section","Currency Setup Section"
"Current Configuration Scope:","Omfång för nuvarande konfiguration:"
"Current Month","Current Month"
"Current Release Information","Information om nuvarande leveransversion"
"Custom","Anpassad"
"Custom Variable ""%s""","Custom Variable ""%s"""
"Custom Variables","Custom Variables"
"Customer","Kund"
"Customer Group:","Kundgrupp:"
"Customer Groups","Customer Groups"
"Customer Name","Kundnamn"
"Customer Reviews","Customer Reviews"
"Customer Shopping Carts","Customer Shopping Carts"
"Customer Since:","Kund sedan:"
"Customer Tax Classes","Customer Tax Classes"
"Customer was deleted","Kunden har tagits bort"
"Customer was successfully saved","Kunddata har sparats"
"Customer with the same email already exists.","Det existerar redan en kund med den angivna e-postadressen."
"Customers","Kunder"
"Customers by Number of Orders","Customers by Number of Orders"
"Customers by Orders Total","Customers by Orders Total"
"DHTML Date/Time Selector","DHTML Date/Time Selector"
"Dashboard","Översikt"
"Data Format","Dataformat"
"Data transfer:","Dataöverföring:"
"Database","Database"
"Dataflow - Advanced Profiles","Dataflow - Advanced Profiles"
"Dataflow - Profiles","Dataflow - Profiles"
"Date","Date"
"Date & Time","Date & Time"
"Date Added","Tillagd den"
"Date Updated","Uppdaterad den"
"Date selection:","Date selection:"
"Date selector","Välj datum"
"Date:","Datum:"
"Day","Day"
"Decimal separator:","Decimal separator:"
"Default (Admin) Values","Förvalda (admin) värden"
"Default Billing Address","Default Billing Address"
"Default Config","Förvald konfiguration"
"Default Template from Locale","Förvald mall"
"Default Values","Förvalda värden"
"Default display currency ""%s"" is not available in allowed currencies","Default display currency ""%s"" is not available in allowed currencies"
"Default display currency ""%s"" is not available in allowed currencies.","Default display currency ""%s"" is not available in allowed currencies."
"Default scope","Förvalt omfång"
"Delete","Ta bort"
"Delete %s","Delete %s"
"Delete %s '%s'","Delete %s '%s'"
"Delete File","Delete File"
"Delete Image","Delete Image"
"Delete Profile","Ta bort profil"
"Delete Role","Ta bort roll"
"Delete Store","Delete Store"
"Delete Store View","Ta bort butiksvy"
"Delete Template","Ta bort mall"
"Delete User","Ta bort användare"
"Delete Website","Ta bort webbplats"
"Dependencies","Beroenden"
"Description","Beskrivning"
"Description:","Beskrivning:"
"Design","Design"
"Design Section","Design Section"
"Design change deleted","Designändring har tagits bort"
"Design change saved","Designändring har sparats"
"Details","Details"
"Developer Section","Developer Section"
"Direction:","Riktning:"
"Disable","Inaktivera"
"Disabled","Inaktiverad"
"Discount Amount","Rabattmängd"
"Display %s first","Display %s first"
"Display default currency","Visa förvald valuta"
"Distributed under GNU LGPL. See %s for details.","Distributed under GNU LGPL. See %s for details."
"Do you really want to KILL parallel process and start new indexing process?","Do you really want to KILL parallel process and start new indexing process?"
"Do you really want to proceed?","Do you really want to proceed?"
"Done By:","Gjort av:"
"Done by:","Gjort av:"
"Download","Download"
"Download Remote File","Ladda ner fjärrfil"
"Download and Install","Ladda ner och installera"
"Downloading and installing $pkg, please wait...","Laddar ner och installerar $pkg, vänligen vänta..."
"Downloads","Downloads"
"Drag to move","Drag to move"
"Drop-down","Drop-down"
"Edit","Ändra"
"Edit Design Change","Edit Design Change"
"Edit Email Template","Ändra e-postmall"
"Edit Order","Edit Order"
"Edit Poll","Ändra enkäten"
"Edit Queue","Edit Queue"
"Edit Review","Edit Review"
"Edit Role","Ändra roll"
"Edit Store View","Ändra butiksvy"
"Edit System Template","Ändra systemmall"
"Edit Tag","Ändra etikett"
"Edit Template","Ändra mall"
"Edit URL Rewrite","Edit URL Rewrite"
"Edit Urlrewrite","Edit Urlrewrite"
"Edit User","Ändra användare"
"Edit User '%s'","Ändra användaren '%s'"
"Edit Website","Ändra webbplats"
"Email","E-post"
"Email Address:","E-postadress:"
"Email Preview","Förhandsgranska e-post"
"Email address is empty.","E-postadressen är tom."
"Email to a Friend","Email to a Friend"
"Email:","E-post:"
"Enable","Aktivera"
"Enabled","Aktiverad"
"Enclose Values In:","Inneslut värden i:"
"Entity Attributes","Entity Attributes"
"Entity Type","Entitetstyp"
"Entity type:","Entitetstyp:"
"Error","Error"
"Error uploading the file","Fel uppstod när filen skulle laddas upp"
"Error while cleared Image cache. Please try again later","Error while cleared Image cache. Please try again later"
"Error while create backup. Please try again later","Ett fel uppstod när säkerhetskopia skulle tas. Vänligen försök igen senare."
"Error while deleting this role. Please try again later.","Fel uppstod när denna roll skulle tas bort. Vänligen försök igen senare."
"Error while deleting this set.","Fel uppstod när mängden skulle tas bort."
"Error while finished process. Please refresh cache","Error while finished process. Please refresh cache"
"Error while refreshed Catalog Rewrites. Please try again later","Error while refreshed Catalog Rewrites. Please try again later"
"Error while refreshed Layered Navigation Indices. Please try again later","Error while refreshed Layered Navigation Indices. Please try again later"
"Error while saving account. Please check all required fields","Error while saving account. Please check all required fields"
"Error while saving account. Please try again later","Fel uppstod när kontot skulle sparas. Vänligen försök igen senare."
"Error while saving this configuration: ","Fel uppstod när denna konfiguration skulle sparas:"
"Error while saving this role. Please try again later.","Fel uppstod när denna roll skulle sparas. Vänligen försök igen senare."
"Error while updating selected review(s). Please try again later.","Fel uppstod när valda recensioner skulle uppdateras. Vänligen försök igen senare."
"Excel XML","Excel XML"
"Excl. Tax","Excl. Tax"
"Exclude","Exkludera"
"Exclude (comma separated)","Exkludera (separera med komma)"
"Exclude media folder from backup","Exclude media folder from backup"
"Expiration Date","Utgångsdatum"
"Expiration Date: %s/%s","Utgångsdatum: %s/%s"
"Export","Exportera"
"Export CSV","Exportera CSV"
"Export Filters","Exportera filter"
"Export to:","Exportera till:"
"Export:","Exportera:"
"Extension","Tillägg"
"Extension Name","Tilläggsnamn"
"Extensions","Tillägg"
"FTP Host","FTP Host"
"FTP Host[:Port]","FTP Värddator[:Port]"
"FTP Login","FTP Login"
"FTP Password","FTP Password"
"FTP credentials","FTP credentials"
"Failed to add a product to cart by id ""%s""","Failed to add a product to cart by id ""%s"""
"Failed to add a product to cart by id ""%s"".","Failed to add a product to cart by id ""%s""."
"Failed to cancel the billing agreement.","Failed to cancel the billing agreement."
"Failed to clear the JavaScript/CSS cache.","Failed to clear the JavaScript/CSS cache."
"Failed to delete the billing agreement.","Failed to delete the billing agreement."
"Failed to load %1$s.xml or %1$s.ser","Failed to load %1$s.xml or %1$s.ser"
"Failed to update the profile.","Failed to update the profile."
"Field","Field"
"Field Mapping","Fältkoppling"
"File","File"
"File Information","Filinformation"
"File System","File System"
"File mode","File mode"
"File name:","Filnamn:"
"File size should be more than 0 bytes","Filstorleken bör vara större än 0 bytes"
"Final Price","Slutligt pris"
"Finished items creation.","Finished items creation."
"Finished profile execution.","Verkställning av profilen är klar."
"First Invoice Created Date","First Invoice Created Date"
"First Name","Förnamn"
"First Name is required field.","First Name is required field."
"First Name:","Förnamn:"
"Firstname","Förnamn"
"Fixed","Fixed"
"Flat Catalog Category rebuild error","Flat Catalog Category rebuild error"
"Flat Catalog Category was rebuilt successfully","Flat Catalog Category was rebuilt successfully"
"Flat Catalog Product rebuild error. Please try again later","Flat Catalog Product rebuild error. Please try again later"
"Flat Catalog Product was rebuilt successfully","Flat Catalog Product was rebuilt successfully"
"Flush Catalog Images Cache","Flush Catalog Images Cache"
"Flush JavaScript/CSS Cache","Flush JavaScript/CSS Cache"
"For category","For category"
"For latest version visit: %s","For latest version visit: %s"
"For product","For product"
"Forgot Admin Password","Forgot Admin Password"
"Forgot your password?","Glömt ditt lösenord?"
"Forgot your user name or password?","Glömt ditt användarnamn eller lösenord?"
"From","Från"
"GLOBAL","GLOBAL"
"Gb","GB"
"General Information","Allmän information"
"General Section","General Section"
"Get Image Base64","Hämta bildens Base64-kod"
"Get help for this page","Få hjälp med denna sida"
"Give the verifier code to application administrator","Give the verifier code to application administrator"
"Global Attribute","Global attribut"
"Global Record Search","Sök igenom alla butikers poster"
"Global Search","Global Search"
"Go Today","Go Today"
"Go to messages inbox","Go to messages inbox"
"Go to notifications","Go to notifications"
"Google Base","Google Base"
"Google Base Items","Google Base Items"
"Google Sitemaps","Google Sitemaps"
"Grand Total","Totalsumma"
"Grid (default) / List","Rutnät (förvalt) / Lista"
"Grid Only","Grid Only"
"Grid only","Endast rutnät"
"Group:","Grupp:"
"Guest","Gäst"
"HTTP (unsecure)","HTTP (osäker)"
"HTTPS (SSL)","HTTPS (SSL)"
"Help Us Keep Magento Healthy - Report All Bugs","Hjälp oss förbättra Magento - rapportera alla buggar"
"Helper attributes should not be used in custom layout updates.","Helper attributes should not be used in custom layout updates."
"Helper for options rendering doesn't implement required interface.","Helper for options rendering doesn't implement required interface."
"Home","Hem"
"ID","ID"
"ID Path","ID-sökväg"
"IP Address","IP-adress"
"IPN (Instant Payment Notification) Only","IPN (Instant Payment Notification) Only"
"If there is an account associated with %s you will receive an email with a link to reset your password.","If there is an account associated with %s you will receive an email with a link to reset your password."
"If this message persists, please contact the store owner.","If this message persists, please contact the store owner."
"Ignore","Ignorera"
"Image cache was cleared successfully","Image cache was cleared successfully"
"Images","Bilder"
"Images (.gif, .jpg, .png)","Bilder (.gif, .jpg, .png)"
"Images Cache","Images Cache"
"Import","Importera"
"Import Service","Importtjänst"
"Import and Export","Import and Export"
"Import and Export Tax Rates","Import and Export Tax Rates"
"Import/Export","Importera/Exportera"
"Import/Export Advanced","Avancerad Import/export"
"Import/Export Profile","Importera/Exportera profil"
"Important: ","Important: "
"Imported <strong>%s</strong> records","Importerade <strong>%s</strong> poster"
"In","I"
"In Database:","I databasen:"
"In File:","i filen:"
"Inactive","Inaktiv"
"Incl. Tax","Incl. Tax"
"Include","Inkludera"
"Incoming Message","Incoming Message"
"Individual Item","Individuell artikel"
"Insert Variable...","Insert Variable..."
"Install","Installera"
"Install Package File","Installera paketfil"
"Installed As","Installerad som"
"Installed Extension Info","Information om installerat tillägg"
"Installed Version","Version installerat"
"Installing $pkg, please wait...","Installerar $pkg, vänligen vänta..."
"Installing selected packages, please wait...","Installerar valda paket, vänligen vänta..."
"Instant Payment Notification (IPN)","PayPal Instant Payment Notification (IPN)"
"Interactive","Interaktiv"
"Interface Locale: %s","Språk för gränssnittet: %s"
"Invalid Form Key. Please refresh the page.","Invalid Form Key. Please refresh the page."
"Invalid Import Service Specified","Ogiltig importtjänst har angetts"
"Invalid POST data (please check post_max_size and upload_max_filesize settings in you php.ini file)","Invalid POST data (please check post_max_size and upload_max_filesize settings in you php.ini file)"
"Invalid POST data (please check post_max_size and upload_max_filesize settings in your php.ini file).","Invalid POST data (please check post_max_size and upload_max_filesize settings in your php.ini file)."
"Invalid Secret Key. Please refresh the page.","Invalid Secret Key. Please refresh the page."
"Invalid URL","Ogiltig URL"
"Invalid User Name or Password.","Invalid User Name or Password."
"Invalid Username or Password.","Ogiltigt användarnamn eller lösenord"
"Invalid directory: %s","Ogiltig katalog: %s"
"Invalid email address ""%s"".","Invalid email address ""%s""."
"Invalid email address.","Invalid email address."
"Invalid file: %s","Ogiltig fil: %s"
"Invalid input data for %s => %s rate","Ogiltig indata för %s => %s kurs"
"Invalid input:","Ogiltig inmatning:"
"Invalid parent block for this block","Invalid parent block for this block"
"Invalid parent block for this block.","Invalid parent block for this block."
"Invalid parrent block for this block","Invalid parrent block for this block"
"Invalid password reset token.","Invalid password reset token."
"Invalid section value","Ogiltigt sektionsvärde"
"Invalid sender name ""%s"". Please use only visible characters and spaces.","Invalid sender name ""%s"". Please use only visible characters and spaces."
"Invalid store value","Ogiltig butiksvärde"
"Invalid timezone","Invalid timezone"
"Invalid website value","Ogiltigt webbplatsvärde"
"Invalidated","Invalidated"
"Inventory Stock Status","Inventory Stock Status"
"Invoice #%s comment added","Kommentar till fakturan #%s har lagts till"
"Invoice #%s created","Fakturan #%s har skapats"
"Invoice History","Faktura historik"
"Invoice Totals","Totalt fakturerat"
"Invoice and shipment was successfully created.","Invoice and shipment was successfully created."
"Invoice cancel error.","Invoice cancel error."
"Invoice canceling error.","Invoice canceling error."
"Invoice capture error","Invoice capture error"
"Invoice capturing error.","Invoice capturing error."
"Invoice void error","Invoice void error"
"Invoice voiding error.","Invoice voiding error."
"Invoice was successfully canceled.","Invoice was successfully canceled."
"Invoice was successfully captured","Invoice was successfully captured"
"Invoice was successfully created.","Invoice was successfully created."
"Invoice was successfully voided","Invoice was successfully voided"
"Invoices","Invoices"
"Is Closed","Is Closed"
"Issue Number","Utfärdandenummer"
"Issuer: %s","Issuer: %s"
"Items","Produkter"
"Items to merge","Items to merge"
"JavaScript seems to be disabled in your browser.","JavaScript seems to be disabled in your browser."
"JavaScript/CSS","JavaScript/CSS"
"JavaScript/CSS Cache","JavaScript/CSS Cache"
"Kb","KB"
"Last 24 Hours","Last 24 Hours"
"Last 24 hours","Senaste 24 timmar"
"Last 5 Orders","Senaste 5 beställningar"
"Last 5 Search Terms","Senaste 5 sökord"
"Last 7 Days","Last 7 Days"
"Last 7 days","Senaste 7 dagar"
"Last Credit Memo Created Date","Last Credit Memo Created Date"
"Last Invoice Created Date","Last Invoice Created Date"
"Last Logged In (%s):","Last Logged In (%s):"
"Last Logged In:","Senast inloggade:"
"Last Month","Senaste månaden"
"Last Name","Efternamn"
"Last Name is required field.","Last Name is required field."
"Last Name:","Efternamn:"
"Last updated: %s. To refresh last day\'s <a href=""%s"">statistics</a>, click <a href=""%s"">here</a>.","Last updated: %s. To refresh last day\'s <a href=""%s"">statistics</a>, click <a href=""%s"">here</a>."
"Lastname","Efternamn:"
"Latest Message:","Latest Message:"
"Layered Navigation Indices","Layered Navigation Indices"
"Layered Navigation Indices was refreshed successfully","Layered Navigation Indices was refreshed successfully"
"Layered Navigation Indices were refreshed successfully","Layered Navigation Indices were refreshed successfully"
"Layered Navigation Indices were refreshed.","Layered Navigation Indices were refreshed."
"Layered Navigation indexing queue cancelled","Layered Navigation indexing queue cancelled"
"Layered Navigation indexing queued","Layered Navigation indexing queued"
"Layered Navigation process queued to be killed","Layered Navigation process queued to be killed"
"Leave empty to use tax identifier","Leave empty to use tax identifier"
"Level","Nivå"
"License","Licens"
"License URI","URL för licens"
"License:","Licens:"
"Lifetime Sales","Försäljning totalt"
"Lifetime statistics have been updated.","Lifetime statistics have been updated."
"Links","Links"
"Links with associated products will retain only after saving current product.","Links with associated products will retain only after saving current product."
"List (default) / Grid","Lista (förvalt) / Rutnät"
"List Only","List Only"
"List only","Endast lista"
"Load Template","Ladda mall"
"Load default template","Ladda förvald mall"
"Load local Package","Load local Package"
"Loading...","Laddar..."
"Local Server","Lokal server"
"Local/Remote Server","Lokal/fjärrserver"
"Locale","Språk"
"Log In","Log In"
"Log Out","Logga ut"
"Log in to Admin Panel","Logga in på administrationsdelen"
"Log in to use <strong>%s</strong>","Log in to use <strong>%s</strong>"
"Log into Magento Admin Page","Logga in på Magentos administrationsdel"
"Logged in as %s","Inloggad som %s"
"Login","Logga in"
"Low Stock","Low Stock"
"MAJOR","MAJOR"
"MINOR","MINOR"
"MS Excel XML","MS Excel-XML"
"Magento Admin","Magentos administrationsdel"
"Magento Commerce - Administrative Panel","Magento Commerce - Administrationspanel"
"Magento Connect","Magento Connect"
"Magento Connect Manager","Magento Connect Manager"
"Magento Logo","Magento-logga"
"Magento is a trademark of Irubin Consulting Inc. DBA Varien. Copyright &copy; %s Irubin Consulting Inc.","Magento är ett varumärke som tillhör Irubin Consulting Inc. DBA Varien. Copyright &copy; %s Irubin Consulting Inc."
"Magento is a trademark of Magento Inc. Copyright &copy; %s Magento Inc.","Magento is a trademark of Magento Inc. Copyright &copy; %s Magento Inc."
"Magento root directory","Magento root directory"
"Magento ver. %s","Magento version %s"
"Magento&trade; is a trademark of Irubin Consulting Inc. DBA Varien.<br/>Copyright &copy; %s Irubin Consulting Inc.","Magento&trade; är ett varumärke som tillhör Irubin Consulting Inc. DBA Varien.<br/>Copyright &copy; %s Irubin Consulting Inc."
"Magento&trade; is a trademark of Magento Inc.<br/>Copyright &copy; %s Magento Inc.","Magento&trade; is a trademark of Magento Inc.<br/>Copyright &copy; %s Magento Inc."
"Maintainers","Underhållare"
"Make sure that data encoding in the file is consistent and saved in one of supported encodings (UTF-8 or ANSI).","Make sure that data encoding in the file is consistent and saved in one of supported encodings (UTF-8 or ANSI)."
"Manage Attribute Sets","Manage Attribute Sets"
"Manage Attributes","Manage Attributes"
"Manage Categories","Manage Categories"
"Manage Content","Manage Content"
"Manage Currency Rates","Hantera valutakurser"
"Manage Customers","Hantera kunder"
"Manage Installed Extensions","Hantera installerade tillägg"
"Manage Ratings","Hantera betyg"
"Manage Stores","Hantera butiker"
"Manage Tax Rules","Manage Tax Rules"
"Manage Tax Zones and Rates","Manage Tax Zones and Rates"
"Manage osCommerce Orders","Manage osCommerce Orders"
"Manage osCommerce Profiles","Manage osCommerce Profiles"
"Manual","Manual"
"Mapping Configuration","Mapping Configuration"
"Matched Expression","Matched Expression"
"Matched expression","Matched expression"
"Max","Max"
"Maximum","Maximum"
"Mb","MB"
"Media (.avi, .flv, .swf)","Media (.avi, .flv, .swf)"
"Media storages synchronization has completed!","Media storages synchronization has completed!"
"Merge Now","Merge Now"
"Messages Inbox","Messages Inbox"
"Min","Min"
"Minimum","Minimum"
"Module version conflict!","Module version conflict!"
"Month","Month"
"Most Viewed","Most Viewed"
"Most Viewed Products","Mest visade produkter"
"Multiple Select","Multiple Select"
"My Account","Mitt konto"
"My Applications","My Applications"
"N/A","N/A"
"NOTICE","NOTICE"
"Name","Namn"
"Name on Card","Namn på kortet"
"Name on the Card: %s","Namn på kortet: %s"
"Name:","Namn:"
"Never (production)","Never (production)"
"New ","New "
"New API Key","New API Key"
"New Accounts","Nya konton"
"New Api Key","New Api Key"
"New Attribute","New Attribute"
"New Block","New Block"
"New Category","New Category"
"New Class","New Class"
"New Condition","New Condition"
"New Custom Variable","New Custom Variable"
"New Customer","New Customer"
"New Customers","Nya kunder"
"New Design Change","New Design Change"
"New Email Template","Ny mall för e-post"
"New Extension","Nytt tillägg"
"New Group","New Group"
"New Invoice","New Invoice"
"New Item Type","New Item Type"
"New Memo","New Memo"
"New Memo for #%s","New Memo for #%s"
"New Page","New Page"
"New Password","Nytt lösenord"
"New Poll","New Poll"
"New Profile","Ny profil"
"New Rate","New Rate"
"New Rating","New Rating"
"New Review","New Review"
"New Role","New Role"
"New Rule","New Rule"
"New Search","New Search"
"New Set","New Set"
"New Shipment","New Shipment"
"New Sitemap","New Sitemap"
"New Store View","Ny butiksvy"
"New System Template","Ny systemmall"
"New Tag","Ny etikett"
"New Template","Ny mall"
"New User","Ny användare"
"New Variable","New Variable"
"New Website","Ny webbplats"
"New admin password","Nytt lösenord för admin"
"New password field cannot be empty.","New password field cannot be empty."
"Newsletter","Newsletter"
"Newsletter Problems","Newsletter Problems"
"Newsletter Queue","Newsletter Queue"
"Newsletter Subscribers","Newsletter Subscribers"
"Newsletter Templates","Newsletter Templates"
"Next month (hold for menu)","Next month (hold for menu)"
"Next page","Nästa sida"
"Next year (hold for menu)","Next year (hold for menu)"
"No","Nej"
"No (price without tax)","Nej (pris utan moms)"
"No Data Found","Ingen data hittades"
"No Extensions Found","Inga tillägg hittades"
"No Templates Found","Inga mallar hittades"
"No change","No change"
"No customer id defined.","No customer id defined."
"No information available.","No information available."
"No profile","Ingen profil"
"No profile loaded...","Ingen profil har laddats..."
"No records found for this period.","Inga poster har hittats för denna period."
"No records found.","Inga poster har hittats."
"No report code specified.","No report code specified."
"No search keywords.","Inga sökord."
"No search modules registered","Inga sökmoduler har registrerats."
"No search modules were registered","No search modules were registered"
"No wishlist item id defined.","No wishlist item id defined."
"None","Inga"
"Note:","Note:"
"Notes","Noteringar"
"Notes:","Anteckningar:"
"Notifications","Notifications"
"Number of Orders","Antal beställningar"
"Number of Use","Använt antal"
"Number of Uses","Antal träffar"
"Number of Views","Number of Views"
"Number of records:","Number of records:"
"OAuth Consumers","OAuth Consumers"
"OAuth authorization for admin","OAuth authorization for admin"
"OAuth authorization simple for admin","OAuth authorization simple for admin"
"OK","OK"
"Old rate:","Gammal kurs:"
"Once you log into your PayPal Advanced account, navigate to the Service Settings - Hosted Checkout Pages - Set Up menu and set the options described below","Once you log into your PayPal Advanced account, navigate to the Service Settings - Hosted Checkout Pages - Set Up menu and set the options described below"
"Once you log into your PayPal Payflow Link account, navigate to the Service Settings - Hosted Checkout Pages - Set Up menu and set the options described below","Once you log into your PayPal Payflow Link account, navigate to the Service Settings - Hosted Checkout Pages - Set Up menu and set the options described below"
"One of options row has error","One of options row has error"
"One or more media files failed to be synchronized during the media storages syncronization process. Refer to the log file for details.","One or more media files failed to be synchronized during the media storages syncronization process. Refer to the log file for details."
"One or more of the Cache Types are invalidated:","One or more of the Cache Types are invalidated:"
"Online Customers","Online Customers"
"Only Once (version upgrade)","Only Once (version upgrade)"
"Only attributes with scope ""Global"", input type ""Dropdown"" and Use To Create Configurable Product ""Yes"" are available.","Endast attribut med <em>omfånget</em> satt till ""Global"", <em>indatatyp</em> satt till ""Rullgardinsmeny"" och <em>Använd för att skapa konfigurerbar produkt</em> satt till ""Ja"" är tillgängliga."
"Only mapped fields","Endast kopplade fält"
"Optional","Valfritt"
"Options","Alternativ"
"Order","Order"
"Order #%s","Beställning #%s"
"Order #%s (%s)","Beställning #%s (%s)"
"Order Created Date","Order Created Date"
"Order ID","Order ID"
"Order Totals","Totalsumma för beställning"
"Order Updated Date","Order Updated Date"
"Order Updated Date report is real-time, does not need statistics refreshing.","Order Updated Date report is real-time, does not need statistics refreshing."
"Order confirmation email not sent","E-postbekräftelse för beställningen har inte skickats"
"Order confirmation email sent","e-postbekräftelse har skickats"
"Order not longer exist","Order not longer exist"
"Order not longer exist.","Order not longer exist."
"Orders","Beställningar"
"Original Magento attribute names in first row:","Ursprungliga Magento-attributnamn i första raden:"
"Out of stock","Out of stock"
"PDT (Payment Data Transfer) Only","PDT (Payment Data Transfer) Only"
"PEAR Configuration was successfully saved","PEAR-konfigurationen har sparats"
"PEAR Console","PEAR-konsol"
"PEAR config","PEAR-konfiguration"
"PHP Version","PHP-version"
"Package","Paket"
"Package %s data was successfully loaded","Data för paketet %s har laddats"
"Package Extensions","Pakettillägg"
"Package File Name","Package File Name"
"Package Info","Information om paket"
"Package Information","Information om paket"
"Packages","Paket"
"Page","Sida"
"Pages","Pages"
"Parent Product Thumbnail","Miniatyrbild för föräldrarprodukt"
"Parent Transaction ID","Parent Transaction ID"
"Passive mode","Passivt läge"
"Password","Lösenord"
"Password Confirmation","Lösenordsbekräftelse"
"Password confirmation must be same as password.","Password confirmation must be same as password."
"Password must be at least of %d characters.","Password must be at least of %d characters."
"Password must include both numeric and alphabetic characters.","Password must include both numeric and alphabetic characters."
"Password:","Lösenord:"
"Path","Sökväg"
"Path:","Sökväg:"
"PayPal Email","PayPal-epost"
"Payment Data Transfer (PDT)","PayPal Payment Data Transfer (PDT)"
"Payment method instance is not available.","Payment method instance is not available."
"Payment method is not available.","Payment method is not available."
"Payment method must be specified","Betalningssätt måste anges"
"Payment method must be specified.","Payment method must be specified."
"Pending Reviews","Pending Reviews"
"Pending Tags","Etiketter att granska"
"Pending installation...","I väntan på installation..."
"Per Item","Per artikel"
"Per Order","Per beställning"
"Percent","Percent"
"Performed At","Utförd:"
"Period","Period"
"Permanent (301)","Permanent (301)"
"Permissions","Rättigheter"
"Personal Information","Personlig information"
"Phone:","Telefon:"
"Please Select","Please Select"
"Please confirm site switching. All data that hasn't been saved will be lost.","Vänligen bekräfta byte av webbplats. All data som inte har sparats kommer att förloras."
"Please confirm site switching. All data that hasn\'t been saved will be lost.","Please confirm site switching. All data that hasn\'t been saved will be lost."
"Please enter 6 or more characters.","Vänligen ange 6 eller fler tecken."
"Please enter a number greater than 0 in this field.","Vänligen ange ett tal som är större än 0 i detta fält."
"Please enter a valid $ amount. For example $100.00.","Vänligen ange ett giltigt belopp. Exempelvis 100."
"Please enter a valid URL. For example http://www.example.com or www.example.com","Vänligen ange en giltig URL, exempelvis http://www.example.com eller www.example.com"
"Please enter a valid URL. http:// is required","Vänligen ange en giltig URL, http:// måste finnas med"
"Please enter a valid credit card number.","Vänligen ange ett giltigt bankkortsnummer."
"Please enter a valid date.","Vänligen ange ett giltigt datum."
"Please enter a valid email address. For example johndoe@domain.com.","Vänligen ange en giltig e-postadress, exempelvis namn@example.com."
"Please enter a valid email.","Please enter a valid email."
"Please enter a valid number in this field.","Vänligen ange ett giltigt nummer i detta fält."
"Please enter a valid phone number. For example (123) 456-7890 or 123-456-7890.","Vänligen ange ett giltigt telefonnummer, exempelvis 08-123 456."
"Please enter a valid social security number. For example 123-45-6789.","Vänligen ange ett giltigt personnummer, exempelvis 010101-0106."
"Please enter a valid value from list","Vänligen ange ett giltigt värde från listan"
"Please enter a valid value, ex: 10,20,30","Vänligen ange ett giltigt värde, exempelvis 10, 20, 30"
"Please enter a valid zip code.","Vänligen ange ett giltigt postnummer."
"Please enter a valid zip code. For example 90602 or 90602-1234.","Vänligen ange ett giltigt postnummer, exempelvis 980 16 eller 231 78."
"Please enter another credit card number to complete your purchase.","Please enter another credit card number to complete your purchase."
"Please enter password","Please enter password"
"Please enter password to confirm rollback.","Please enter password to confirm rollback."
"Please enter valid password.","Vänligen ange lösenord."
"Please fill in 'email' field.","Vänligen fyll i fältet 'e-post'."
"Please make sure that all global admin search modules are installed and activated.","Vänligen se till att alla globala sökmoduler är installerade och aktiverade."
"Please make sure that your changes were saved before running the profile.","Vänligen se till att dina ändringar har sparats innan du kör igång profilen."
"Please make sure your passwords match.","Vänligen se till att lösenorden överensstämmer."
"Please select State/Province.","Vänligen välj region."
"Please select a custmer","Vänligen välj en kund"
"Please select a customer.","Please select a customer."
"Please select a store","Vänligen välj en butik"
"Please select a store.","Please select a store."
"Please select an option.","Vänligen välj ett alternativ."
"Please select catalog searches","Vänligen välj katalogsökningar"
"Please select catalog searches.","Please select catalog searches."
"Please select customer(s)","Vänligen välj kund(er)"
"Please select customer(s).","Please select customer(s)."
"Please select message(s).","Please select message(s)."
"Please select one of the above options.","Vänligen välj ett av ovanstående alternativ."
"Please select one of the options.","Vänligen välj ett av alternativen."
"Please select review(s)","Vänligen välj recension(er)"
"Please select review(s).","Please select review(s)."
"Please select tag(s)","Vänligen välj etikett(er)"
"Please select tag(s).","Please select tag(s)."
"Please specify admin custom URL","Please specify admin custom URL"
"Please specify at least start or end date.","Vänligen ange åtminstonde start- eller slutdatum."
"Please specify backup creation options","Please specify backup creation options"
"Please specify the admin custom URL.","Please specify the admin custom URL."
"Please try to logout and sign in again.","Please try to logout and sign in again."
"Please type the letters from the image:","Please type the letters from the image:"
"Please use in this field only ""a-z,0-9,_"".","Vänligen använd endast tecknen ""a-z,0-9,_"" i detta fält."
"Please use letters only (a-z) in this field.","Vänligen använd endast bokstäver (a-ö) i detta fält."
"Please use numbers only in this field. Please avoid spaces or other characters such as dots or commas.","Please use numbers only in this field. Please avoid spaces or other characters such as dots or commas."
"Please use numbers only in this field. please avoid spaces or other characters such as dots or commas.","Vänligen använd endast nummer i detta fält. Vänligen använd inte mellanslag eller andra liknande tecken, exempelvis punkt eller komma."
"Please use only letters (a-z or A-Z), numbers (0-9) or spaces in this field.","Please use only letters (a-z or A-Z), numbers (0-9) or spaces in this field."
"Please use only letters (a-z) or numbers (0-9) only in this field. No spaces or other characters are allowed.","Vänligen använd endast bokstäver (a-ö) eller siffror (0-9) i detta fält. Mellanslag eller andra tecken är inte tillåtna."
"Please use only letters (a-z) or numbers (0-9) or spaces and # only in this field.","Vänligen använd endast bokstäver (a-ö), siffror (0-9), mellanslag eller # (brädgård) i detta fält."
"Please use this date format: dd/mm/yyyy. For example 17/03/2006 for the 17th of March, 2006.","Vänligen ange datum enligt formatet: dd/mm/åååå. Exempelvis 17/03/2006 för den 17:e mars, 2006."
"Please wait while the indexes are being refreshed.","Please wait while the indexes are being refreshed."
"Please wait, loading...","Vänligen vänta, laddar..."
"Please wait...","Vänligen vänta..."
"Please, add a few answers to this poll first","Vänligen lägg först till svar till denna undersökning"
"Please, add some answers to this poll first.","Please, add some answers to this poll first."
"Please, select ""Visible in Stores"" for this poll first.","Please, select ""Visible in Stores"" for this poll first."
"Please, select a store view","Please, select a store view"
"Please, select visible in stores to this poll first","Vänligen välj först i vilka butiker som denna undersökning ska vara synlig."
"Poll Manager","Hantera enkäter"
"Poll was successfully deleted","Undersökningen har tagits bort"
"Poll was successfully saved","Enkäten har sparats"
"Polls","Polls"
"Popular","Popular"
"Position of Watermark for %s","Placering av vattenmärke för %s"
"Preferred state","Region som föredras"
"Pregenerated product images files.","Pregenerated product images files."
"Preparing to change $pkg, please wait...","Förbereder för att ändra $pkg, vänligen vänta..."
"Prev. month (hold for menu)","Prev. month (hold for menu)"
"Prev. year (hold for menu)","Prev. year (hold for menu)"
"Preview","Förhandsgranskning"
"Preview Template","Förhandsgranska mall"
"Previous page","Föregående sida"
"Price","Pris"
"Price alert subscription was saved successfully","Prisbevakningen har sparats"
"Price alert subscription was saved.","Price alert subscription was saved."
"Price:","Pris:"
"Primary Billing Address","Förvald fakturaadress"
"Processed <strong>%s%% %s/%d</strong> items","Processed <strong>%s%% %s/%d</strong> items"
"Processed <strong>%s%% %s/%d</strong> records","Bearbetningen av artiklarna <strong>%s%% %s/%d</strong> är klar"
"Product","Produkt"
"Product Name","Product Name"
"Product Reviews","Product Reviews"
"Product Tax Classes","Product Tax Classes"
"Product Thumbnail Itself","Miniatyrbild för produkt"
"Product is not loaded.","Product is not loaded."
"Product:","Product:"
"Products","Produkter"
"Products Bestsellers Report","Products Bestsellers Report"
"Products Most Viewed Report","Products Most Viewed Report"
"Products Ordered","Products Ordered"
"Products in Carts","Products in Carts"
"Profile Action","Profilåtgärd"
"Profile Actions XML","XML för profilåtgärder"
"Profile Direction","Profilriktning"
"Profile History","Profilhistorik"
"Profile Information","Profilinformation"
"Profile Name","Profilnamn"
"Profile Payments","Profile Payments"
"Profile Schedule","Profile Schedule"
"Profile Wizard","Profilguide"
"Profile was deleted","Profilen har tagits bort"
"Profile was successfully saved","Profilen har sparats"
"Profiles","Profiler"
"Promo","Marknadsföring"
"Promotions","Marknadsföring"
"Provided Files","Tillhandahållna filer"
"Purchased Item","Purchased Item"
"Put store on the maintenance mode while backup creation","Put store on the maintenance mode while backup creation"
"Put store on the maintenance mode while rollback processing","Put store on the maintenance mode while rollback processing"
"Qty","Antal"
"Quantity","Antal"
"Queue Refresh","Queue Refresh"
"Queued... Cancel","Queued... Cancel"
"REST Roles","REST Roles"
"Radio Buttons","Radio Buttons"
"Rates","Kurser"
"Rating was successfully deleted","Betyget har tagits bort"
"Rating was successfully saved","Betyget har sparats"
"Read details","Read details"
"Rebuild","Rebuild"
"Rebuild Catalog Index","Rebuild Catalog Index"
"Rebuild Flat Catalog Category","Rebuild Flat Catalog Category"
"Rebuild Flat Catalog Product","Rebuild Flat Catalog Product"
"Recent Orders","Senaste beställningar"
"Recent statistics have been updated.","Recent statistics have been updated."
"Recommended","Rekommenderade"
"Recurring Profile View","Recurring Profile View"
"Recursive Dir","Recursive Dir"
"Redirect","Omdirigera"
"Reference","Reference"
"Reference ID","Reference ID"
"Refresh","Ladda om"
"Refresh Now*","Refresh Now*"
"Refresh Statistics","Refresh Statistics"
"Region/State","Region"
"Regular Price:","Regular Price:"
"Reject","Reject"
"Reject token authorization Pop Up for admin","Reject token authorization Pop Up for admin"
"Reject token authorization for admin","Reject token authorization for admin"
"Rejection Of Authorization","Rejection Of Authorization"
"Release","Leveransversion"
"Release Info","Information om leveransversionen"
"Release Stability","Leveransversionens stabilitet"
"Release Version","Leveransversion"
"Reload captcha","Reload captcha"
"Remote Extension Info","Information om fjärrtillägg"
"Remote FTP","Fjärr-FTP"
"Remote URL:","Fjärr-URL:"
"Remove","Ta bort"
"Reports","Rapporter"
"Request Path","Sökväg för begäran"
"Required","Obligatoriskt"
"Reset","Nollställ"
"Reset Filter","Nollställ filter"
"Reset Password","Reset Password"
"Reset a Password","Reset a Password"
"Resize","Ändra storlek"
"Resource Access","Åtkomst till resurs"
"Resources","Resurser"
"Results","Resultat"
"Retrieve Password","Hämta lösenord"
"Return Html Version","Returnera HTML-version"
"Revenue","Inkomst"
"Reviews","Reviews"
"Reviews and Ratings","Reviews and Ratings"
"Rewrite Rules","Rewrite Rules"
"Role","Roll"
"Role ID","ID för roll"
"Role Info","Information om roll"
"Role Information","Information om roll"
"Role Name","Rollnamn"
"Role Resources","Rollresurser"
"Role Users","Rollanvändare"
"Role successfully deleted.","Rollen har tagits bort."
"Role successfully saved.","Rollen har sparats."
"Roles","Roller"
"Roles Resources","Resurser för roller"
"Rotate CCW","Rotera motsols"
"Rotate CW","Rotera medsols"
"Run","Kör"
"Run Profile","Kör profil"
"Run Profile In Popup","Kör profil i popup"
"Run Profile Inside This Window","Kör profil i detta fönster"
"Run Profile in Popup","Run Profile in Popup"
"Run in popup","Kör i popup"
"Running... Kill","Running... Kill"
"Running:","Körs just nu:"
"SKU","Artikelnummer"
"SKU:","Artikelnummer:"
"SSL Error: Invalid or self-signed certificate","SSL-fel: ogiltigt eller självsignerat certifikat"
"Sales","Sales"
"Sales Report","Försäljningsrapport"
"Samples","Samples"
"Save","Spara"
"Save & Generate","Save & Generate"
"Save Account","Spara kontot"
"Save And Continue Edit","Spara och fortsätt ändra"
"Save As...","Save As..."
"Save Cache Settings","Save Cache Settings"
"Save Config","Spara konfiguration"
"Save Currency Rates","Spara valutakurser"
"Save PEAR Config","Spara PEAR-konfiguration"
"Save Profile","Spara profilen"
"Save Role","Spara rollen"
"Save Template","Spara mall"
"Save User","Spara användare"
"Save and Continue Edit","Save and Continue Edit"
"Save and Continue Editing","Spara och fortsätt ändra"
"Save cache settings","Spara cache-inställningar"
"Save data and Create Package","Spara data och skapa paket"
"Save package with custom package file name","Save package with custom package file name"
"Schedule Merge","Schedule Merge"
"Search","Sök"
"Search Index","Search Index"
"Search Index rebuild error. Please try again later","Search Index rebuild error. Please try again later"
"Search Index was rebuilt successfully","Search Index was rebuilt successfully"
"Search Term","Sökord"
"Search Terms","Sökord"
"Select","Select"
"Select All","Markera alla"
"Select Category","Select Category"
"Select Date","Välj datum"
"Select Range","Välj period"
"Select Visible","Välj synliga"
"Select date","Select date"
"Select website from map","Select website from map"
"Select website to map","Select website to map"
"Selected allow currency ""%s"" is not available in installed currencies","Selected allow currency ""%s"" is not available in installed currencies"
"Selected allowed currency ""%s"" is not available in installed currencies.","Selected allowed currency ""%s"" is not available in installed currencies."
"Selected base currency is not available in installed currencies","Selected base currency is not available in installed currencies"
"Selected base currency is not available in installed currencies.","Selected base currency is not available in installed currencies."
"Selected default display currency is not available in allowed currencies","Selected default display currency is not available in allowed currencies"
"Selected default display currency is not available in allowed currencies.","Selected default display currency is not available in allowed currencies."
"Selected default display currency is not available in installed currencies","Selected default display currency is not available in installed currencies"
"Selected default display currency is not available in installed currencies.","Selected default display currency is not available in installed currencies."
"Self-assigned roles cannot be deleted.","Self-assigned roles cannot be deleted."
"Sender","Avsändare"
"Separate Email","Separate Email"
"Separate email","Separate email"
"Shipment #%s comment added","Kommentar till leveransen #%s har lags till"
"Shipment #%s created","Leveransen #%s har skapats"
"Shipment Comments","Leveranskommentarer"
"Shipment History","Historik för leveransen"
"Shipment was successfully created.","Shipment was successfully created."
"Shipment was successfully sent.","Shipment was successfully sent."
"Shipments","Shipments"
"Shipping","Fraktavgifter"
"Shipping Address","Leveransadress"
"Shipping Address: ","Shipping Address: "
"Shipping Origin","Shipping Origin"
"Shipping Price","Frakt"
"Shipping address","Leveransadress"
"Shipping address selection is not applicable","Shipping address selection is not applicable"
"Shipping method must be specified","Leveranssätt måste anges"
"Shipping method must be specified.","Shipping method must be specified."
"Shipping method selection is not applicable","Shipping method selection is not applicable"
"Shipping origin","Leverans från"
"Shopping Cart","Shopping Cart"
"Shopping Cart Price Rules","Shopping Cart Price Rules"
"Shopping Cart from %s","Varukorg från %s"
"Show By","Show By"
"Show Report For:","Show Report For:"
"Show Report for","Visa rapport för"
"Show Reviews","Show Reviews"
"Show by","Sortera efter"
"Show reviews","Visa omdömen"
"Sitemap Information","Information om webbkarta"
"Size for %s","Storlek för %s"
"Skip Category Selection","Skip Category Selection"
"Skip category selection","Skip category selection"
"Some items in this order have different invoice and shipment types. You can create shipment only after the invoice is created.","Some items in this order have different invoice and shipment types. You can create shipment only after the invoice is created."
"Some of the ordered items do not exist in the catalog anymore and will be removed if you try to edit the order.","Some of the ordered items do not exist in the catalog anymore and will be removed if you try to edit the order."
"Some of the ordered items don't exist in the catalog anymore and will be removed if you try to edit the order.","Vissa av de beställda artiklarna existerar inte längre i katalogen och kommer att tas bort om du ändrar beställningen."
"Sorry, this feature is coming soon...","Denna funktionalitet kommer att finnas tillgänglig inom kort. Vi ber om ursäkt för besväret."
"Sort Order","Sortera efter"
"Special Price:","Special Price:"
"Specific Countries","Specifika länder"
"Specified","Specified"
"Specified profile does not exist.","Specified profile does not exist."
"Spreadsheet Name:","Namn för kalkylblad:"
"Stability","Stabilitet"
"Staging Store: ","Staging Store: "
"Staging Website: ","Staging Website: "
"Start Date","Startdatum"
"Starting profile execution, please wait...","Börjar köra profilen, vänligen vänta..."
"State/Province:","Region:"
"Static Blocks","Static Blocks"
"Status","Status"
"Status:","Status"
"Stock Quantity:","Lagersaldo:"
"Stock notification was saved successfully","Lagermeddelandet har sparats"
"Stock notification was saved.","Stock notification was saved."
"Store","Butik"
"Store Email Addresses Section","Store Email Addresses Section"
"Store View","Butiksvy"
"Store:","Butik:"
"Store: ","Store: "
"Stores","Stores"
"Subject","Ämne"
"Submit","Skicka"
"Subpackage","Underpaket"
"Subpackage can't be conflicting","Underpaket får inte hamna i konflikt"
"Subpackage cannot be conflicting.","Subpackage cannot be conflicting."
"Subpackages","Underpaket"
"Subtotal","Summa (ex.moms)"
"Subtotal Amount","Summa (ex.moms)"
"Summary","Sammanfattning"
"Summary:","Sammanfattning:"
"Switch/Solo Only","Endast Switch/Solo"
"Switch/Solo card issue number: %s","Nummer för Switch/Solo-bankkort: %s"
"Switch/Solo card start Date: %s/%s","Startdatum för Switch/Solo-bankkort: %s/%s"
"Switch/Solo/Maestro Only","Switch/Solo/Maestro Only"
"Switch/Solo/Maestro(UK Domestic) Only","Endast Switch/Solo/Maestro"
"Switch/Solo/Maestro(UK Domestic) card issue number: %s","Kortnummer för Switch/Solo/Maestro: %s"
"Switch/Solo/Maestro(UK Domestic) card start Date: %s/%s","Startdatum för Switch/Solo/Maestro: %s/%s"
"Symbol","Symbol"
"Synchronization is required.","Synchronization is required."
"Synchronization of media storages has been successfully completed.","Synchronization of media storages has been successfully completed."
"Synchronize","Synchronize"
"Synchronizing %s to %s","Synchronizing %s to %s"
"Synchronizing...","Synchronizing..."
"System","System"
"System Section","System Section"
"System busy","System busy"
"Tag was successfully deleted","Etiketten har skapats"
"Tag was successfully saved","Etiketten har sparats"
"Tags","Etiketter"
"Target Path","Sökväg för målet"
"Tax","Moms"
"Tb","TB"
"Template","Mall"
"Template Content","Mallinnehåll"
"Template Information","Information om mall"
"Template Name","Mallnamn"
"Template Styles","Template Styles"
"Template Subject","Mallämne"
"Template Type","Malltyp"
"Temporary (302)","Temporary (302)"
"Terms and Conditions","Terms and Conditions"
"Text","Text"
"The Catalog Rewrites were refreshed.","The Catalog Rewrites were refreshed."
"The CatalogInventory Stock Status has been rebuilt.","The CatalogInventory Stock Status has been rebuilt."
"The Comment Text field cannot be empty.","The Comment Text field cannot be empty."
"The Flat Catalog Product was rebuilt","The Flat Catalog Product was rebuilt"
"The JavaScript/CSS cache has been cleaned.","The JavaScript/CSS cache has been cleaned."
"The JavaScript/CSS cache has been cleared.","The JavaScript/CSS cache has been cleared."
"The Layered Navigation indexing has been queued.","The Layered Navigation indexing has been queued."
"The Layered Navigation indexing queue has been canceled.","The Layered Navigation indexing queue has been canceled."
"The Layered Navigation indices were refreshed.","The Layered Navigation indices were refreshed."
"The Layered Navigation process has been queued to be killed.","The Layered Navigation process has been queued to be killed."
"The Magento cache storage has been flushed.","The Magento cache storage has been flushed."
"The URL Rewrite has been deleted.","The URL Rewrite has been deleted."
"The URL Rewrite has been saved.","The URL Rewrite has been saved."
"The account has been saved.","The account has been saved."
"The archive can be uncompressed with <a href=""%s"">%s</a> on Windows systems","The archive can be uncompressed with <a href=""%s"">%s</a> on Windows systems"
"The attribute set has been removed.","The attribute set has been removed."
"The backup's creation process will take time.","The backup's creation process will take time."
"The billing agreement has been canceled.","The billing agreement has been canceled."
"The billing agreement has been deleted.","The billing agreement has been deleted."
"The cache storage has been flushed.","The cache storage has been flushed."
"The carrier needs to be specified.","The carrier needs to be specified."
"The catalog index has been rebuilt.","The catalog index has been rebuilt."
"The catalog rewrites have been refreshed.","The catalog rewrites have been refreshed."
"The configuration has been saved.","The configuration has been saved."
"The credit memo has been canceled.","The credit memo has been canceled."
"The credit memo has been created.","The credit memo has been created."
"The credit memo has been voided.","The credit memo has been voided."
"The custom variable has been deleted.","The custom variable has been deleted."
"The custom variable has been saved.","The custom variable has been saved."
"The customer has been deleted.","The customer has been deleted."
"The customer has been saved.","The customer has been saved."
"The design change has been deleted.","The design change has been deleted."
"The design change has been saved.","The design change has been saved."
"The email address is empty.","The email address is empty."
"The email template has been deleted.","The email template has been deleted."
"The email template has been saved.","The email template has been saved."
"The flat catalog category has been rebuilt.","The flat catalog category has been rebuilt."
"The group node name must be specified with field node name.","The group node name must be specified with field node name."
"The image cache was cleaned.","The image cache was cleaned."
"The image cache was cleared.","The image cache was cleared."
"The information in this tab has been changed.","Informationen i denna flik har ändrats."
"The invoice and shipment have been created.","The invoice and shipment have been created."
"The invoice and the shipment  have been created. The shipping label cannot be created at the moment.","The invoice and the shipment  have been created. The shipping label cannot be created at the moment."
"The invoice has been canceled.","The invoice has been canceled."
"The invoice has been captured.","The invoice has been captured."
"The invoice has been created.","The invoice has been created."
"The invoice has been voided.","The invoice has been voided."
"The invoice no longer exists.","The invoice no longer exists."
"The item %s (SKU %s) does not exist in the catalog anymore.","The item %s (SKU %s) does not exist in the catalog anymore."
"The order does not allow creating an invoice.","The order does not allow creating an invoice."
"The order no longer exists.","The order no longer exists."
"The poll has been deleted.","The poll has been deleted."
"The poll has been saved.","The poll has been saved."
"The profile has been deleted.","The profile has been deleted."
"The profile has been saved.","The profile has been saved."
"The profile has been updated.","The profile has been updated."
"The profile has no changes.","The profile has no changes."
"The profile you are trying to save no longer exists","The profile you are trying to save no longer exists"
"The rating has been deleted.","The rating has been deleted."
"The rating has been saved.","The rating has been saved."
"The role has been deleted.","The role has been deleted."
"The role has been saved.","The role has been saved."
"The role has been successfully saved.","The role has been successfully saved."
"The search index has been rebuilt.","The search index has been rebuilt."
"The shipment has been created.","The shipment has been created."
"The shipment has been sent.","The shipment has been sent."
"The shipping label has been created.","The shipping label has been created."
"The tag has been deleted.","The tag has been deleted."
"The tag has been saved.","The tag has been saved."
"The transaction details have been updated.","The transaction details have been updated."
"The user has been deleted.","The user has been deleted."
"The user has been saved.","The user has been saved."
"Themes JavaScript and CSS files combined to one file.","Themes JavaScript and CSS files combined to one file."
"There is an error in one of the option rows.","There is an error in one of the option rows."
"This Account is","This Account is"
"This Email template no longer exists.","This Email template no longer exists."
"This Role no longer exists","This Role no longer exists"
"This Role no longer exists.","This Role no longer exists."
"This account is","Detta konto är"
"This account is inactive.","This account is inactive."
"This action cannot be undone.","This action cannot be undone."
"This attribute set does not have attributes which we can use for configurable product","This attribute set does not have attributes which we can use for configurable product"
"This attribute set don't have attributes which we can use for configurable product","Denna attributmängd saknar attribut som vi kan använda till konfigurerbara produkter"
"This attribute shares the same value in all the stores","Detta attribut har samma värde i alla butiker"
"This is a demo store. Any orders placed through this store will not be honored or fulfilled.","This is a demo store. Any orders placed through this store will not be honored or fulfilled."
"This is a required field.","Detta är ett obligtoriskt fält."
"This product is currently disabled","This product is currently disabled"
"This product is currently disabled.","This product is currently disabled."
"This report depends on timezone configuration. Once timezone is changed, the lifetime statistics need to be refreshed.","This report depends on timezone configuration. Once timezone is changed, the lifetime statistics need to be refreshed."
"This section is not allowed.","This section is not allowed."
"This tab contains invalid data. Please solve the problem before saving.","Denna flik innehåller ogiltig data. Problemet måste lösas innan datan kan sparas."
"This user no longer exists","Denna användare existerar inte längre."
"This user no longer exists.","This user no longer exists."
"Thumbnail","Miniatyrbild"
"Time","Time"
"Time selection:","Time selection:"
"Time:","Time:"
"Timeout limit for response from synchronize process was reached.","Timeout limit for response from synchronize process was reached."
"To","Till"
"To cancel pending authorizations and release amounts that have already been processed during this payment, click Cancel.","To cancel pending authorizations and release amounts that have already been processed during this payment, click Cancel."
"To use PayPal Payflow Link, you must configure your PayPal Payflow Link account on the PayPal website.","To use PayPal Payflow Link, you must configure your PayPal Payflow Link account on the PayPal website."
"To use PayPal Payments Advanced, you must configure  your PayPal Payments Advanced account on the PayPal website.","To use PayPal Payments Advanced, you must configure  your PayPal Payments Advanced account on the PayPal website."
"Toggle Editor","Slå om editor"
"Tools","Verktyg"
"Top 5 Search Terms","Topp 5 sökord"
"Total","Totalt"
"Total %d records found","Totalt %d poster funna"
"Total Amount","Totalsumma"
"Total Invoiced","Totalt fakturerat"
"Total Order Amount","Total beställningssumma"
"Total Refunded","Total återbäring"
"Total of %d record(s) have been deleted.","Total of %d record(s) have been deleted."
"Total of %d record(s) have been updated.","Total of %d record(s) have been updated."
"Total of %d record(s) were canceled.","Total of %d record(s) were canceled."
"Total of %d record(s) were deleted","Total of %d record(s) were deleted"
"Total of %d record(s) were deleted.","Total of %d record(s) were deleted."
"Total of %d record(s) were successfully deleted","Totalt %d post(er) har tagits bort"
"Total of %d record(s) were successfully updated","Totalt %d artiklar har uppdaterats"
"Total of %d record(s) were updated","Total of %d record(s) were updated"
"Total of %d record(s) were updated.","Total of %d record(s) were updated."
"Track Order","Track Order"
"Track order","Spåra beställning"
"Track this shipment","Spåra leveransen"
"Tracking number %s for %s assigned","Spårningsnumret %s har tilldelats till försändelsen %s"
"Tracking number can not be empty.","Tracking number can not be empty."
"Tracking number cannot be empty.","Tracking number cannot be empty."
"Transaction Data","Transaction Data"
"Transaction Details","Transaction Details"
"Transaction ID","Transaction ID"
"Transaction Type","Transaction Type"
"Transactional Emails","E-postmallar"
"Transactions","Transactions"
"Try Magento Go for Free","Try Magento Go for Free"
"Type","Typ"
"Type:","Typ:"
"URL Rewrite","URL Rewrite"
"URL Rewrite Information","URL Rewrite Information"
"URL Rewrite Management","URL Rewrite Management"
"Unable to cancel the credit memo.","Unable to cancel the credit memo."
"Unable to find a Email Template to delete.","Unable to find a Email Template to delete."
"Unable to find a poll to delete","Undersökningen kunde inte tas bort då den inte kunde hittas"
"Unable to find a poll to delete.","Unable to find a poll to delete."
"Unable to find a tag to delete","Etiketten kunde inte tas bort då den inte kunde hittas"
"Unable to find a tag to delete.","Unable to find a tag to delete."
"Unable to find a user to delete","Användaren kunde inte tas bort då personen inte kunde hittas"
"Unable to find a user to delete.","Unable to find a user to delete."
"Unable to initialize import model","Kunde inte starta importmodellen"
"Unable to refresh lifetime statistics.","Unable to refresh lifetime statistics."
"Unable to refresh recent statistics.","Unable to refresh recent statistics."
"Unable to save Cron expression","Unable to save Cron expression"
"Unable to save the cron expression.","Unable to save the cron expression."
"Unable to save the invoice.","Unable to save the invoice."
"Unable to send the invoice email.","Unable to send the invoice email."
"Unable to send the shipment email.","Unable to send the shipment email."
"Unable to update transaction details.","Unable to update transaction details."
"Unable to void the credit memo.","Unable to void the credit memo."
"Uninstall","Avinstallera"
"Uninstalling $pkg, please wait...","Avinstallerar $pkg, vänligen vänta..."
"Uninstalling selected packages, please wait...","Avinstallerar valda paket, vänligen vänta..."
"Unknown","Okänd"
"Unknown error","Okänt fel"
"Unlimited","Unlimited"
"Unselect All","Avmarkera alla"
"Unselect Visible","Avmarkera synliga"
"Update","Uppdatera"
"Updated At","Uppdaterades den"
"Upgrade","Uppgradera"
"Upgrade All Available Packages","Uppgradera alla tillgängliga paket"
"Upgrade all available packages","Uppgradera alla tillgängliga paket"
"Upgrade all packages","Uppgradera alla paket"
"Upgrading $pkg, please wait...","Uppgraderar $pkg, vänligen vänta..."
"Upgrading all available packages, please wait...","Uppgraderar alla tillgängliga paket, vänligen vänta..."
"Upgrading all packages, please wait...","Uppgraderar alla paket, vänligen vänta..."
"Upgrading selected packages, please wait...","Uppgraderar valda paket, vänligen vänta..."
"Upload File","Ladda upp fil"
"Upload Files","Ladda upp filer"
"Upload HTTP Error","HTTP-fel vid uppladdning"
"Upload I/O Error","Indata/utdata-fel vid uppladdning"
"Upload Local File","Ladda upp lokal fil"
"Upload Security Error","Säkerhetsfel vid uppladdning"
"Upload and Install","Ladda upp och installera"
"Upload import file","Ladda upp importfil"
"Upload local file:","Ladda upp lokal fil:"
"Uploaded file is larger than %.2f kilobytes allowed by server","Uploaded file is larger than %.2f kilobytes allowed by server"
"Url Rewrite Management","Hantera URL-omskrivningar"
"Urlrewrite Information","Urlrewrite Information"
"Use All Available Attributes","Use All Available Attributes"
"Use Config Settings","Use Config Settings"
"Use Default","Use Default"
"Use Default Value","Använd förvalt värde"
"Use Default Variable Values","Use Default Variable Values"
"Use FTP Connection","Use FTP Connection"
"Use Website","Use Website"
"Use default","Använd förvald"
"Use website","Använd webbplats"
"Used Currently For","Used Currently For"
"Used as Default For","Used as Default For"
"User","Användare"
"User Email","E-post för användare"
"User ID","ID för användare"
"User Info","Information om användare"
"User Information","Information om användare"
"User Name","Användarnamn"
"User Name is required field.","User Name is required field."
"User Name:","Användarnamn:"
"User Password","User Password"
"User Role","Användarens roll"
"User Roles","Användarroller"
"User Roles Information","Information om användarroller"
"User Type Resources","User Type Resources"
"User name","Användarnamn"
"User was successfully deleted","Användaren har tagits bort"
"User was successfully saved","Användaren har sparats"
"User with the same User Name or Email aleady exists","Det existerar redan en användare med samma användarnamn eller e-postadress"
"Users","Användare"
"VAT Number is Invalid","VAT Number is Invalid"
"VAT Number is Valid","VAT Number is Valid"
"Validation Results","Validation Results"
"Value","Value"
"Value Delimiter:","Avskiljare för värden:"
"Variable","Variable"
"Variable Code","Variable Code"
"Variable HTML Value","Variable HTML Value"
"Variable ID","Variable ID"
"Variable Name","Variable Name"
"Variable Plain Value","Variable Plain Value"
"Verifier code: %s","Verifier code: %s"
"Version","Version"
"Version:","Version:"
"View","Visa"
"View Actions XML","Granska XML för åtgärder"
"View Full Size","View Full Size"
"View Memo","View Memo"
"View Memo for #%s","View Memo for #%s"
"View Shipment","View Shipment"
"View Statistics For:","View Statistics For:"
"View Statistics for","Visa statistik för"
"Visibility:","Synlighet:"
"Warning","Warning"
"Warning! Empty value can cause problems with CSV format.","Warning! Empty value can cause problems with CSV format."
"Warning!\r\nThis action will remove this user from already assigned role\r\nAre you sure?","Warning!\r\nThis action will remove this user from already assigned role\r\nAre you sure?"
"Warning!\r\nThis action will remove those users from already assigned roles\r\nAre you sure?","Warning!\r\nThis action will remove those users from already assigned roles\r\nAre you sure?"
"Warning!rnThis action will remove this user from already assigned rolernAre you sure?","Warning!rnThis action will remove this user from already assigned rolernAre you sure?"
"Warning!rnThis action will remove those users from already assigned rolesrnAre you sure?","Warning!rnThis action will remove those users from already assigned rolesrnAre you sure?"
"Warning: Please do not close the window during importing/exporting data","Warning: Please do not close the window during importing/exporting data"
"Warning: Please don't close window during importing/exporting data","Varning: vänligen stäng inte fönstret medan data importeras/exporteras."
"Watermark File for %s","Vattenmärk fil för %s"
"We appreciate our merchants\' feedback, please <a href=""#"" onclick=""surveyAction(\'yes\'); return false;"">take our survey</a> to provide insight on the features you would like included in Magento. <a href=""#"" onclick=""surveyAction(\'no\'); return false;"">Remove this notification</a>","We appreciate our merchants\' feedback, please <a href=""#"" onclick=""surveyAction(\'yes\'); return false;"">take our survey</a> to provide insight on the features you would like included in Magento. <a href=""#"" onclick=""surveyAction(\'no\'); return false;"">Remove this notification</a>"
"We're in our typing table, coding away more features for Magento. Thank you for your patience.","Just nu är vi sysselsatta med att förbättra Magento. Tack för ditt tålamod."
"We\'re in our typing table, coding away more features for Magento. Thank you for your patience.","We\'re in our typing table, coding away more features for Magento. Thank you for your patience."
"Web Section","Web Section"
"Web Services","Web Services"
"Web services","Web services"
"Website","Webbplats"
"Website: ","Website: "
"Websites","Websites"
"Websites / Stores","Websites / Stores"
"What is this?","Vad är detta?"
"Wishlist Report","Rapport för önskelistor"
"Wishlist item is not loaded.","Wishlist item is not loaded."
"Wrong account specified.","Wrong account specified."
"Wrong billing agreement ID specified.","Wrong billing agreement ID specified."
"Wrong column format","Felaktigt kolumnformat"
"Wrong column format.","Wrong column format."
"Wrong newsletter template.","Wrong newsletter template."
"Wrong quote item.","Wrong quote item."
"Wrong tab configuration","Felaktig flikkonfiguration"
"Wrong tab configuration.","Wrong tab configuration."
"Wrong tag was specified.","Wrong tag was specified."
"Wrong transaction ID specified.","Wrong transaction ID specified."
"XML","XML"
"XML data is invalid.","XML data is invalid."
"XML object is not instance of ""Varien_Simplexml_Element"".","XML object is not instance of ""Varien_Simplexml_Element""."
"YTD","Från början av året"
"Year","Year"
"Yes","Ja"
"Yes (301 Moved Permanently)","Yes (301 Moved Permanently)"
"Yes (302 Found)","Yes (302 Found)"
"Yes (only price with tax)","Ja (endast pris med moms)"
"You can not delete self assigned roles.","Du kan inte ta bort roller som du har tilldelat dig själv."
"You cannot delete account of yourself","Du kan inte ta bort ditt eget konto"
"You cannot delete your own account.","You cannot delete your own account."
"You have","You have"
"You have %s unread message(s).","You have %s unread message(s)."
"You have %s unread message(s). <a href=""%s"">Go to messages inbox</a>.","You have %s unread message(s). <a href=""%s"">Go to messages inbox</a>."
"You have %s, %s and %s unread messages. <a href=""%s"">Go to messages inbox</a>.","You have %s, %s and %s unread messages. <a href=""%s"">Go to messages inbox</a>."
"You have logged out.","You have logged out."
"You have not enough permissions to use this functionality.","You have not enough permissions to use this functionality."
"You have not enought permissions to login.","Du har inte rätt rättigheter för att logga in."
"You have not enought permissions to use this functionality.","Du har inte rätt rättigheter för att använda denna funktionalitet."
"You must have JavaScript enabled in your browser to utilize the functionality of this website.","You must have JavaScript enabled in your browser to utilize the functionality of this website."
"You need specify carrier.","You need specify carrier."
"You need to specify order items","You need to specify order items"
"You need to specify order items.","You need to specify order items."
"You successfully logged out.","Du har loggats ut."
"You will need to wait when the action ends.","You will need to wait when the action ends."
"Your answers contain duplicates.","Dina svar innehåller duplikat."
"Your password has been updated.","Your password has been updated."
"Your password reset link has expired.","Your password reset link has expired."
"Your server PHP settings allow you to upload files not more than %s at a time. Please modify post_max_size (currently is %s) and upload_max_filesize (currently is %s) values in php.ini if you want to upload larger files.","Your server PHP settings allow you to upload files not more than %s at a time. Please modify post_max_size (currently is %s) and upload_max_filesize (currently is %s) values in php.ini if you want to upload larger files."
"Your web server is configured incorrectly. As a result, configuration files with sensitive information are accessible from the outside. Please contact your hosting provider.","Your web server is configured incorrectly. As a result, configuration files with sensitive information are accessible from the outside. Please contact your hosting provider."
"Zip/Postal Code","Postadress"
"Zip/Postal Code:","Postadress:"
"[ deleted ]","[ borttaget ]"
"[GLOBAL]","[GLOBAL]"
"[STORE VIEW]","[STORE VIEW]"
"[WEBSITE]","[WEBSITE]"
"[deleted]","[borttaget]"
"b","B"
"close","close"
"critical","critical"
"example: ""sitemap/"" or ""/"" for base path (path must be writeable)","example: ""sitemap/"" or ""/"" for base path (path must be writeable)"
"example: sitemap.xml","example: sitemap.xml"
"failed","failed"
"from","from"
"images/logo.gif","images/logo.gif"
"items selected","poster valda"
"major","major"
"md5sum","MD5-summa"
"minor","minor"
"notice","notice"
"of %s pages","av %s sidor"
"or","or"
"per page","per sida"
"store(%s) scope","omfång för butik(%s)"
"successful","successful"
"to","till"
"website(%s) scope","omfång för webbplats(%s)"
"{{base_url}} is not recommended to use in a production environment to declare the Base Unsecure URL / Base Secure URL. It is highly recommended to change this value in your Magento <a href=""%s"">configuration</a>.","{{base_url}} is not recommended to use in a production environment to declare the Base Unsecure URL / Base Secure URL. It is highly recommended to change this value in your Magento <a href=""%s"">configuration</a>."
"{{base_url}} is not recommended to use in a production environment to declare the Base Unsecure Url / Base Secure Url. It is highly recommended to change this value in your Magento <a href=""%s"">configuration</a>.","{{base_url}} is not recommended to use in a production environment to declare the Base Unsecure Url / Base Secure Url. It is highly recommended to change this value in your Magento <a href=""%s"">configuration</a>."
