" The customer doesn't exist in the system anymore","Kunden finns inte längre med i systemet."
"""%s"" coupon code is not valid.","Kupongkoden ""%s"" är inte längre giltig."
"%s","%s"
"%s / %s rate:","%s / %s rate:"
"%s for %s","%s for %s"
"%s order(s) cannot be canceled","%s order(s) cannot be canceled"
"%s order(s) have been canceled.","%s order(s) have been canceled."
"%s order(s) have been put on hold.","%s order(s) have been put on hold."
"%s order(s) have been released from holding status.","%s order(s) have been released from holding status."
"%s order(s) successfully canceled","%s order(s) successfully canceled"
"%s order(s) successfully put on hold","%s beställning(ar) har lagts undan"
"%s order(s) successfully released from holding status","%s order(s) successfully released from holding status"
"%s order(s) were not put on hold.","%s order(s) were not put on hold."
"%s order(s) were not released from holding status.","%s order(s) were not released from holding status."
"* - Enter custom price excluding tax","* - Enter custom price excluding tax"
"* - Enter custom price including tax","* - Enter custom price including tax"
"-- Please Select --","-- Please Select --"
"-- Please Select Billing Agreement--","-- Please Select Billing Agreement--"
"About This Order:","Om denna beställning:"
"About This Profile:","About This Profile:"
"About Your Invoice","About Your Invoice"
"About Your Order","Om din beställning"
"About Your Refund","About Your Refund"
"About Your Shipment","About Your Shipment"
"Accept Payment","Accept Payment"
"Accept or Deny Payment","Accept or Deny Payment"
"Account Information","Information om kund"
"Action","Åtgärd"
"Actions","Åtgärder"
"Activate","Activate"
"Active","Active"
"Add","Lägg till"
"Add Gift Messsage","Add Gift Messsage"
"Add New Address","Lägg till ny adress"
"Add Order Comments","Skriv en kommentar för beställningen"
"Add Package","Add Package"
"Add Products","Add Products"
"Add Selected Product(s) to Option","Add Selected Product(s) to Option"
"Add Selected Product(s) to Order","Lägg till vald(a) produkt(er) till beställning"
"Add Selected Product(s) to Package","Add Selected Product(s) to Package"
"Add To Order","Lägg till beställning"
"Add Tracking Number","Lägg till spårningsnummer"
"Add a gift message for <strong>each gift item</strong>","Skriv meddelande för <strong>varje present</strong>"
"Add a gift message for the <strong>entire order</strong>","Skriv ett presentmeddelande för <strong>hela beställningen</strong>"
"Add comment to order","Add comment to order"
"Add new comment to credit memo","Add new comment to credit memo"
"Add new comment to shipment","Add new comment to shipment"
"Add new tracking number","Add new tracking number"
"Add to Cart","Lägg till i varukorgen"
"Additional Product Info","Additional Product Info"
"Address","Adress"
"Address model is not defined.","Address model is not defined."
"Adjustment Fee","Justeringsavgift"
"Adjustment Fee:","Justeringsavgift:"
"Adjustment Refund","Återköp av justeringsavgift"
"Adjustment Refund:","Återköp av justeringsavgift:"
"Agreement Information","Agreement Information"
"Allow Reorder","Tillåt ombeställning"
"Amount","Antal"
"Amount: %s.","Amount: %s."
"An error occurred while assigning order status. Status has not been assigned.","An error occurred while assigning order status. Status has not been assigned."
"An error occurred while creating shipping label.","An error occurred while creating shipping label."
"An error occurred while saving order status. The status has not been added.","An error occurred while saving order status. The status has not been added."
"An error occurred while unassigning order status.","An error occurred while unassigning order status."
"An error occurred while updating the order address. The address has not been changed.","An error occurred while updating the order address. The address has not been changed."
"An item option with code %s already exists.","An item option with code %s already exists."
"Anchor Custom Title","Anchor Custom Title"
"Append Comments","Lägg till kommentar"
"Apply","Använd"
"Apply Coupon Code","Använd kupongkod"
"Approved the payment online.","Approved the payment online."
"Are you sure you want to accept this payment?","Are you sure you want to accept this payment?"
"Are you sure you want to cancel this order?","Är du säker på att du vill avboka denna beställning?"
"Are you sure you want to delete all items from shopping cart?","Are you sure you want to delete all items from shopping cart?"
"Are you sure you want to deny this payment?","Are you sure you want to deny this payment?"
"Are you sure you want to do this?","Are you sure you want to do this?"
"Are you sure you want to send Creditmemo email to customer?","Are you sure you want to send Creditmemo email to customer?"
"Are you sure you want to send Invoice email to customer?","Are you sure you want to send Invoice email to customer?"
"Are you sure you want to send Shipment email to customer?","Are you sure you want to send Shipment email to customer?"
"Are you sure you want to send order email to customer?","Are you sure you want to send order email to customer?"
"Are you sure you want to void the payment?","Are you sure you want to void the payment?"
"Are you sure?","Är du säker?"
"Are you sure? This order will be canceled and a new one will be created instead","Are you sure? This order will be canceled and a new one will be created instead"
"Are you sure? This order will be cancelled and a new one will be created instead","Är du säker? Denna beställning kommer att avbokas och en ny kommer att istället skapas."
"Assign Order Status to State","Assign Order Status to State"
"Assign Status to State","Assign Status to State"
"Assignment Information","Assignment Information"
"At least a payment ID must be set.","At least a payment ID must be set."
"Authorization","Authorization"
"Authorized amount of %s.","Authorized amount of %s."
"Authorizing amount of %s is pending approval on gateway.","Authorizing amount of %s is pending approval on gateway."
"Back","Back"
"Back to Billing Agreements","Back to Billing Agreements"
"Back to My Orders","Tillbaka till mina beställningar"
"Back to Recurring Profiles","Back to Recurring Profiles"
"Backordered","Restnoterad"
"Bestsellers","Bestsellers"
"Bill to First name","Förnamn på faktura"
"Bill to Last name","Efternamn på faktura"
"Bill to Name","Räkning till"
"Billing","Billing"
"Billing Address","Fakturaadress"
"Billing Agreement","Billing Agreement"
"Billing Agreement # %s","Billing Agreement # %s"
"Billing Agreement #%s","Billing Agreement #%s"
"Billing Agreement View","Billing Agreement View"
"Billing Agreements","Billing Agreements"
"Billing Last Name","Billing Last Name"
"Billing ZIP Code","Billing ZIP Code"
"Buy %s for price %s","Buy %s for price %s"
"CSV","CSV"
"Can not add order history.","Kan inte ändra i historiken för beställningen."
"Can not create block ""%s""","Kan inte skapa blocket ""%s"""
"Can not do invoice for order.","Can not do invoice for order."
"Can not do shipment for order.","Kan inte skapa leverans för beställning."
"Can not register existing creditmemo","Kan inte registrera existerande kreditnota"
"Can not register existing invoice","Kan inte registrera existerande faktura"
"Can not register existing shipment","Kan inte registrera existerande leverans"
"Can't get order instance","Kan inte hämta beställningsinstans"
"Cancel","Avbryt"
"Cancel credit memo","Cancel credit memo"
"Cancel invoice","Cancel invoice"
"Cancel order","Cancel order"
"Canceled","Avbruten"
"Canceled order offline.","Canceled order offline."
"Canceled order online.","Canceled order online."
"Cannot add order history.","Cannot add order history."
"Cannot create an empty shipment.","Cannot create an empty shipment."
"Cannot determine the field name.","Cannot determine the field name."
"Cannot do invoice for order.","Cannot do invoice for order."
"Cannot do shipment for order.","Cannot do shipment for order."
"Cannot get order instance","Cannot get order instance"
"Cannot get the order instance.","Cannot get the order instance."
"Cannot register an existing credit memo.","Cannot register an existing credit memo."
"Cannot register existing invoice","Cannot register existing invoice"
"Cannot register existing shipment","Cannot register existing shipment"
"Capture","Fånga"
"Capture Amount","Fånga mängd"
"Capture Offline","Fånga offline"
"Capture Online","Fånga online"
"Capture invoice","Capture invoice"
"Captured amount of %s online.","Captured amount of %s online."
"Capturing amount of %s is pending approval on gateway.","Capturing amount of %s is pending approval on gateway."
"Carrier","Speditör"
"Carrier/Method","Carrier/Method"
"Change Status","Ändra status"
"Change status, add comments","Change status, add comments"
"Changing address information will not recalculate shipping, tax or other order amount.","Changing address information will not recalculate shipping, tax or other order amount."
"Checkout Totals Sort Order","Checkout Totals Sort Order"
"Checkout totals sort order","Sortering för summor vid kassa"
"City","City"
"Clear Shopping Cart","Clear Shopping Cart"
"Click to change shipping method","Klicka för att ändra leveranssätt"
"Close","Close"
"Closed","Stängd"
"Comma-separated.","Comma-separated."
"Comment","Kommentar"
"Comment Text","Kommentar"
"Comments","Comments"
"Comments History","Historik över kommentarer"
"Company","Company"
"Complete","Slutförd"
"Configure","Configure"
"Configure and Add to Order","Configure and Add to Order"
"Contents","Contents"
"Continue","Continue"
"Controls whether customer IP is shown in orders, invoices, shipments, credit memos.","Controls whether customer IP is shown in orders, invoices, shipments, credit memos."
"Country","Land"
"Coupons","Kuponger"
"Create","Skapa"
"Create New Customer","Skapa ny kund"
"Create New Order","Skapa ny beställning"
"Create New Order Status","Create New Order Status"
"Create New Order for %s","Skapa ny beställning åt %s"
"Create New Order for %s in %s","Skapa ny beställning åt %s i %s"
"Create New Order for New Customer","Skapa ny beställning åt ny kund"
"Create New Order for New Customer in %s","Skapa ny beställning åt ny kund i %s"
"Create New Status","Create New Status"
"Create Packages","Create Packages"
"Create Shipment","Skapa leverans"
"Create Shipping Label","Create Shipping Label"
"Create Shipping Label...","Create Shipping Label..."
"Create new credit memo for order","Create new credit memo for order"
"Create new invoice for order","Create new invoice for order"
"Create new shipment for order","Create new shipment for order"
"Create...","Create..."
"Created At","Skapades den"
"Created billing agreement #%s.","Created billing agreement #%s."
"Created:","Created:"
"Credit Memo","Kreditnota"
"Credit Memo #","Kreditnotanr."
"Credit Memo # ","Kreditnotanr."
"Credit Memo #%1$s | %3$s | %2$s (%4$s)","Credit Memo #%1$s | %3$s | %2$s (%4$s)"
"Credit Memo Comment Email Sender","E-postavsändare av kommentar för kreditnota"
"Credit Memo Comment Email Template","E-postmall för kommentar för kreditnota"
"Credit Memo Comment Email Template for Guest","E-postmall för kommentar till kreditnota för gäst"
"Credit Memo Comments","Kommentar för kreditnota"
"Credit Memo Email Sender","E-postavsändare av kreditnota"
"Credit Memo Email Template","E-postmall för kreditnota"
"Credit Memo Email Template for Guest","E-postmall för kreditnota för gäst"
"Credit Memo Update","Uppdatering av kreditnota"
"Credit Memo Update for Guest","Uppdatering av kreditnota för gäst"
"Credit Memo email not sent","E-post om kreditnota har inte skickats"
"Credit Memo email sent","E-post om kreditnota har skickats"
"Credit Memos","Kreditnotor"
"Credit memo canceling problem.","Credit memo canceling problem."
"Credit memo cannot be canceled.","Credit memo cannot be canceled."
"Credit memo has been created automatically","Credit memo has been created automatically"
"Creditmemo","Kreditnota"
"Custom Options","Custom Options"
"Custom Price","Custom Price"
"Custom Value","Anpassat värde"
"Customer","Customer"
"Customer Can Define Start Date","Customer Can Define Start Date"
"Customer Email","Customer Email"
"Customer Group","Kundgrupp"
"Customer Last Name","Customer Last Name"
"Customer My Account Order Creditmemo View","Customer My Account Order Creditmemo View"
"Customer My Account Order History","Customer My Account Order History"
"Customer My Account Order Invoice View","Customer My Account Order Invoice View"
"Customer My Account Order Shipment View","Customer My Account Order Shipment View"
"Customer My Account Order View","Customer My Account Order View"
"Customer Name","Kundnamn"
"Customer's Current Activities","Customer's Current Activities"
"Customer\'s Current Activities","Customer\'s Current Activities"
"Customs Value","Customs Value"
"Date","Datum"
"Date Shipped","Leveransdatum"
"Date of Birth","Date of Birth"
"Default Status","Default Status"
"Default Template","Default Template"
"Default logo, will be used in PDF and HTML documents.<br />(jpeg, tiff, png)","Default logo, will be used in PDF and HTML documents.<br />(jpeg, tiff, png)"
"Default logo, will be used in PDF and HTML documents.<br />(jpeg, tiff, png) If you see image distortion in PDF, try to use larger image","Default logo, will be used in PDF and HTML documents.<br />(jpeg, tiff, png) If you see image distortion in PDF, try to use larger image"
"Delete","Ta bort"
"Delete Package","Delete Package"
"Denied the payment online.","Denied the payment online."
"Deny Payment","Deny Payment"
"Description Message","Description Message"
"Description message","Description message"
"Discount","Rabatt"
"Discount ","Rabatt"
"Discount (%s)","Rabatt (%s)"
"Discount :","Rabatt:"
"Discount Amount","Rabatt"
"Discount%s","Discount%s"
"Display Order ID in Header","Display Order ID in Header"
"Document","Dokument"
"Edit","Ändra"
"Edit Gift Messsage","Edit Gift Messsage"
"Edit Order #%s","Ändra beställningen #%s"
"Edit Order %s %s Address","Edit Order %s %s Address"
"Edit Order Status","Edit Order Status"
"Email","E-post"
"Email Address","Email Address"
"Email Copy of Credit Memo","E-posta kopia av kreditnota"
"Email Copy of Invoice","E-posta kopia av faktura"
"Email Copy of Shipment","E-posta kopia av leverans"
"Email Order Confirmation","E-posta bekräftelse av beställning"
"Enable","Enable"
"Enabled","Enabled"
"Enter the billing last name and email/ZIP as in the order billing address","Enter the billing last name and email/ZIP as in the order billing address"
"Entered data is incorrect. Please try again.","Entered data is incorrect. Please try again."
"Error to Show in Shopping Cart","Error to Show in Shopping Cart"
"Error to show in shopping cart","Error to show in shopping cart"
"Excel XML","Excel XML"
"Excl. Tax","Excl. Tax"
"Expired","Expired"
"Explanation","Explanation"
"Failed to cancel the billing agreement.","Failed to cancel the billing agreement."
"Failed to create billing agreement for this order.","Failed to create billing agreement for this order."
"Failed to finish billing agreement wizard.","Failed to finish billing agreement wizard."
"Failed to send the order email.","Failed to send the order email."
"Failed to start billing agreement wizard.","Failed to start billing agreement wizard."
"Failed to update the payment.","Failed to update the payment."
"Failed to update the profile.","Failed to update the profile."
"Failed to void the payment.","Failed to void the payment."
"Fetch","Fetch"
"File extension not known or unsupported type in the following shipment: %s","File extension not known or unsupported type in the following shipment: %s"
"Find Order By:","Find Order By:"
"First Name","First Name"
"From","Från"
"From Name","Namn för Från"
"From:","Från:"
"G.T. (Base)","Totalsumma (bas)"
"G.T. (Purchased)","Totalsumma (köpt)"
"General","General"
"General Information","General Information"
"Get Payment Update","Get Payment Update"
"Get Update","Get Update"
"Get shipping methods and rates","Hämta leveranssätt och -priser"
"Gift","Present"
"Gift Certificate","Presentkort"
"Gift Message","Presentmeddelande"
"Gift Message for Entire Order","Presentmeddelande för hela beställningen"
"Gift Message for This Order","Gift Message for This Order"
"Gift Message for the Entire Order","Gift Message for the Entire Order"
"Gift Message for this Order","Presentmeddelande för denna beställning"
"Gift Options","Gift Options"
"Girth","Girth"
"Grand Total","Totalsumma"
"Grand Total to be Charged","Grand Total to be Charged"
"Grand Total to be charged","Totalsumma att debitera"
"Grand Total:","Totalsumma:"
"Guest","Gäst"
"Height","Height"
"Hide Customer IP","Hide Customer IP"
"Hold","Håll kvar"
"Hold action is not available","Åtgärden ""Håll kvar"" är inte tillgänglig"
"Hold action is not available.","Hold action is not available."
"Hold order","Hold order"
"ID","ID"
"ID #","ID #"
"IPN ""Refunded"". Refund issued by merchant. Registered notification about refunded amount of %s. Transaction ID: ""%s""","IPN ""Refunded"". Refund issued by merchant. Registered notification about refunded amount of %s. Transaction ID: ""%s"""
"If empty, the default description above will be used","If empty, the default description above will be used"
"If empty, the default description above will be used.","If empty, the default description above will be used."
"If empty, the default error above will be used","If empty, the default error above will be used"
"If empty, the default error above will be used.","If empty, the default error above will be used."
"If the invoice was created offline, try creating an offline creditmemo.","If the invoice was created offline, try creating an offline creditmemo."
"Incl. Tax","Incl. Tax"
"Information","Information"
"Initial Fee","Initial Fee"
"Initial Fees","Initial Fees"
"Initial period payment","Initial period payment"
"Insufficient information to create shipping label(s). Please verify your Store Information and Shipping Settings.","Insufficient information to create shipping label(s). Please verify your Store Information and Shipping Settings."
"Invalid block: %s.","Invalid block: %s."
"Invalid carrier specified.","Invalid carrier specified."
"Invalid draw line data. Please define ""lines"" array.","Invalid draw line data. Please define ""lines"" array."
"Invalid entity model","Invalid entity model"
"Invalid item option format","Invalid item option format"
"Invalid item option format.","Invalid item option format."
"Invalid qty to invoice item ""%s""","Fel antal att fakturera för artikel ""%s"""
"Invalid qty to refund item ""%s""","Ogiltigt värde för återköp av artikeln ""%s"""
"Invalid qty to ship for item ""%s""","Ogiltigt värde för leverans av artikeln ""%s"""
"Invalid renderer model","Invalid renderer model"
"Invalid request for adding product to quote","Invalid request for adding product to quote"
"Invalid request for adding product to quote.","Invalid request for adding product to quote."
"Invoice","Fakturera"
"Invoice #","Fakturanr."
"Invoice # ","Fakturanr."
"Invoice #%1$s | %2$s | %4$s (%3$s)","Invoice #%1$s | %2$s | %4$s (%3$s)"
"Invoice #%s","Fakturanr. %s"
"Invoice Comment Email Sender","E-postavsändare för fakturakommentar"
"Invoice Comment Email Template","E-postmall för fakturakommentar"
"Invoice Comment Email Template for Guest","E-postmall för kommentar till faktura till gäst"
"Invoice Comments","Fakturakommentarer"
"Invoice Date","Fakturadatum"
"Invoice Email Sender","E-postavsändare av faktura"
"Invoice Email Template","E-postmall för faktura"
"Invoice Email Template for Guest","E-postmall för faktura till gäst"
"Invoice Update","Uppdatering av faktura"
"Invoice Update for Guest","Uppdatering av faktura till gäst"
"Invoice and Packing Slip Design","Invoice and Packing Slip Design"
"Invoice and Ship","Invoice and Ship"
"Invoice can not be canceled","Invoice can not be canceled"
"Invoice can not be captured","Invoice can not be captured"
"Invoice can not be void","Invoice can not be void"
"Invoice cancel problem","Invoice cancel problem"
"Invoice canceling problem.","Invoice canceling problem."
"Invoice cannot be canceled.","Invoice cannot be canceled."
"Invoice cannot be captured.","Invoice cannot be captured."
"Invoice cannot be voided.","Invoice cannot be voided."
"Invoice capture problem","Invoice capture problem"
"Invoice capturing problem.","Invoice capturing problem."
"Invoice email not sent","E-postfaktura har inte skickats"
"Invoice email sent","E-postfaktura har skickats"
"Invoice void problem","Invoice void problem"
"Invoice will be created without communication with payment gateway.","Invoice will be created without communication with payment gateway."
"Invoiced","Fakturerad"
"Invoices","Fakturor"
"Is Closed","Is Closed"
"Item","Artikel"
"Item Status","Status"
"Item object is not specified.","Item object is not specified."
"Item option with code %s already exist","Item option with code %s already exist"
"Item options declaration error.","Item options declaration error."
"Item options declare error","Item options declare error"
"Item ordered qty","Item ordered qty"
"Item qty declaration error.","Item qty declaration error."
"Item qty declare error","Ett fel uppstod när antalet för artikeln skulle deklareras"
"Items","Items"
"Items Invoiced","Artiklar fakturerade"
"Items Ordered","Beställda produkter"
"Items Refunded","Återköpta artiklar"
"Items Shipped","Levererade artiklar"
"Items in the Package","Items in the Package"
"Items maximum quantity or price do not allow checkout.","Items maximum quantity or price do not allow checkout."
"Items options declaration error.","Items options declaration error."
"Items options declare error.","Items options declare error."
"Items to Invoice","Artiklar att fakturera"
"Items to Refund","Återköpsartiklar"
"Items to Ship","Artiklar att leverera"
"Key","Key"
"Last Name","Last Name"
"Last Ordered Items","Last Ordered Items"
"Last ordered items","Senast beställda artiklar"
"Last status can\'t be unassigned from state.","Last status can\'t be unassigned from state."
"Length","Length"
"Link to the New Order","Link to the New Order"
"Link to the Previous Order","Link to the Previous Order"
"Link to the new order","Länk till den nya beställningen"
"Link to the previous order","Länk till föregående beställning"
"Logo for HTML Print View","Logo for HTML Print View"
"Logo for HTML documents only. If empty, default will be used.<br />(jpeg, gif, png)","Logo for HTML documents only. If empty, default will be used.<br />(jpeg, gif, png)"
"Logo for HTML print view","Logo for HTML print view"
"Logo for PDF Print-outs (200x50)","Logo for PDF Print-outs (200x50)"
"Logo for PDF print-outs (200x50)","Logo for PDF print-outs (200x50)"
"Make Check payable to:","Make Check payable to:"
"Manage","Manage"
"Maximum amount available to refund is %s","Maximum amount available to refund is %s"
"Maximum shipping amount allowed to refund is: %s","Maximum shipping amount allowed to refund is: %s"
"Message","Meddelande"
"Message:","Meddelande:"
"Minimum Amount","Minimum Amount"
"Minimum Order Amount","Minimum Order Amount"
"Minimum amount","Minimum amount"
"Minimum order amount","Minimum order amount"
"Mixed","Blandad"
"Most Viewed","Most Viewed"
"Most Viewed Products Report","Most Viewed Products Report"
"Move to Shopping Cart","Move to Shopping Cart"
"Move to Wishlist","Move to Wishlist"
"Multi-address Description Message","Multi-address Description Message"
"Multi-address Error to Show in Shopping Cart","Multi-address Error to Show in Shopping Cart"
"Multi-address description message","Multi-address description message"
"Multi-address error to show in shopping cart","Multi-address error to show in shopping cart"
"My Orders","Beställningar"
"My Orders - Details","Mina beställningar - detaljer"
"N/A","N/A"
"Name","Name"
"New","Ny"
"New Billing Agreement","New Billing Agreement"
"New Credit Memo","Ny kreditnota"
"New Credit Memo for Guest","Ny kreditnota för gäst"
"New Credit Memo for Invoice #%s","New Credit Memo for Invoice #%s"
"New Credit Memo for Order #%s","New Credit Memo for Order #%s"
"New Invoice","Ny faktura"
"New Invoice and Shipment for Order #%s","New Invoice and Shipment for Order #%s"
"New Invoice for Guest","Ny faktura för gäst"
"New Invoice for Order #%s","New Invoice for Order #%s"
"New Order","Ny beställning"
"New Order Confirmation Email Sender","E-postanvändare för bekräftelse av ny beställning"
"New Order Confirmation Template","Mall för bekräftelse av ny beställning"
"New Order Confirmation Template for Guest","Mall för bekräftelse av ny beställning för gäst"
"New Order RSS","RSS-kanal för nya beställningar"
"New Order Status","New Order Status"
"New Order for Guest","Ny beställning för gäst"
"New Shipment","Ny leverans"
"New Shipment for Guest","Ny följesedel för gäst"
"New Shipment for Order #%s","New Shipment for Order #%s"
"New Status","Nytt status"
"Newsletter Subscription","Prenumeration på nyhetsbrev"
"No","No"
"No Items","No Items"
"No Items To Refund","No Items To Refund"
"No Payment Methods","Inga betalningssätt"
"No detail for number ""%s""","Inga detaljer för number ""%s"""
"No information available.","No information available."
"No items","Inga artiklar"
"No order(s) were put on hold.","No order(s) were put on hold."
"No order(s) were released from holding status.","No order(s) were released from holding status."
"No ordered items","No ordered items"
"No shipping information available","No shipping information available"
"Nominal Items","Nominal Items"
"Nominal item can be purchased standalone only. To proceed please remove other items from the quote.","Nominal item can be purchased standalone only. To proceed please remove other items from the quote."
"Nominal order registered.","Nominal order registered."
"Not Capture","Fånga inte"
"Not Initialized","Not Initialized"
"Not Notified","Inte meddelad"
"Not enough valid data to save the parent transaction ID.","Not enough valid data to save the parent transaction ID."
"Notification Not Applicable","Notification Not Applicable"
"Notified","Meddelad"
"Notify Customer","Avisera kund via e-post"
"Notify Customer by Email","Notify Customer by Email"
"Number","Försändelsens id"
"Number of Invoiced Orders","Number of Invoiced Orders"
"Number of Orders","Number of Orders"
"Number of Refunded Orders","Number of Refunded Orders"
"OK","OK"
"Offline Refunded","Offline Refunded"
"On Hold","Lägg undan"
"Online Refunded","Online Refunded"
"Order","Beställning"
"Order #","Beställningsnr."
"Order # ","Beställningsnr"
"Order # %s","Beställning #%s"
"Order # %s %s | %s","Order # %s %s | %s"
"Order #%s","Beställning #%s"
"Order #%s - %s","Beställning #%s - %s"
"Order API","Order API"
"Order Address Information","Order Address Information"
"Order Comment","Kommentar för beställning"
"Order Comment Email Sender","E-postavsändare av kommentar för beställning"
"Order Comment Email Template","E-postmall för kommentar för beställning"
"Order Comment Email Template for Guest","E-postmall för kommentar till beställning till gäst"
"Order Comments","Kommentarer för beställning"
"Order Credit Memos","Order Credit Memos"
"Order Currency:","Valuta för beställning:"
"Order Date","Datum för beställning"
"Order Date (%s)","Order Date (%s)"
"Order Date: ","Datum för beställning:"
"Order Date: %s","Datum för beställning: %s"
"Order Details","Detaljer för beställning"
"Order Grand Total","Totalsumma för beställning"
"Order History","Historik för beställning"
"Order History Info","Order History Info"
"Order ID","Order ID"
"Order Information","Information om beställning"
"Order Invoices","Order Invoices"
"Order Shipments","Order Shipments"
"Order State","Order State"
"Order Status","Status för beställning"
"Order Status Information","Order Status Information"
"Order Statuses","Order Statuses"
"Order Subtotal","Mellansumma för beställning"
"Order Subtotal:","Mellansumma för beställning:"
"Order Taxes Report Grouped by Tax Rates","Order Taxes Report Grouped by Tax Rates"
"Order Total","Totalsumma för beställning"
"Order Totals","Totalsumma för beställning"
"Order Update","Uppdatering av beställning"
"Order Update for Guest","Uppdatering av beställning till gäst"
"Order View","Beställning"
"Order credit memo","Order credit memo"
"Order does not allow to be canceled.","Order does not allow to be canceled."
"Order invoice","Order invoice"
"Order is suspended as its capture amount %s is suspected to be fraudulent.","Order is suspended as its capture amount %s is suspected to be fraudulent."
"Order object is not specified.","Order object is not specified."
"Order saving error: %s","Ett fel uppstod när beställningen skulle sparas: %s"
"Order shipments","Order shipments"
"Order status does not exist.","Order status does not exist."
"Order status with the same status code already exist.","Order status with the same status code already exist."
"Order was not cancelled.","Beställningen har inte avbokats."
"Order was not put on hold.","Beställningen har inte lagts undan."
"Order was not unholded.","Beställningen är fortfarande undanlagd."
"Order was placed using %s","%s användes för att lägga beställningen"
"Order was successfully cancelled.","Beställningen har tagits bort."
"Order was successfully put on hold.","Beställningen har lagts undan."
"Order was successfully released from holding status.","Status för beställningen har ändrats."
"Ordered","Beställt"
"Ordered amount of %s.","Ordered amount of %s."
"Ordering amount of %s is pending approval on gateway.","Ordering amount of %s is pending approval on gateway."
"Orders","Beställningar"
"Orders and Returns","Orders and Returns"
"Orders and Returns Search Form","Orders and Returns Search Form"
"Original Price","Ordinarie pris"
"Original order item that recurring payment profile correspondss to.","Original order item that recurring payment profile correspondss to."
"PDF Credit Memos","Kreditnotor i PDF-format"
"PDF Invoices","Fakturor i PDF-format"
"PDF Packingslips","Fraktsedlar i PDF-format"
"PDF Print-outs","PDF Print-outs"
"PDF object is not specified.","PDF object is not specified."
"PDF page object is not specified.","PDF page object is not specified."
"PDF total model should extend Mage_Sales_Model_Order_Pdf_Total_Default","PDF total model should extend Mage_Sales_Model_Order_Pdf_Total_Default"
"Package","Package"
"Package types are disregarded for USPS domestic shipments.","Package types are disregarded for USPS domestic shipments."
"Packages","Packages"
"Packingslip # ","Följesedel"
"Paid","Betald"
"Paid Amount","Betald summa"
"Parent Transaction ID","Parent Transaction ID"
"Parent transaction ID must have a transaction ID.","Parent transaction ID must have a transaction ID."
"Partial","Delvis"
"Payment Failed","Payment Failed"
"Payment Information","Information om betalning"
"Payment Method","Betalningssätt"
"Payment Method Name","Payment Method Name"
"Payment Method:","Payment Method:"
"Payment Review","Payment Review"
"Payment disallow storing objects.","Payment disallow storing objects."
"Payment transactions disallow storing objects.","Payment transactions disallow storing objects."
"Payment type","Payment type"
"Payment update has been made.","Payment update has been made."
"Pending","Väntar på granskning"
"Pending PayPal","Pending PayPal"
"Pending Payment","Pending Payment"
"Period","Period"
"Place Order Using Billing Agreements","Place Order Using Billing Agreements"
"Placed from IP","Placed from IP"
"Please Select Products to Add","Please Select Products to Add"
"Please Select a Customer","Please Select a Customer"
"Please Select a Store","Please Select a Store"
"Please check billing address information. %s","Please check billing address information. %s"
"Please check shipping address information. %s","Please check shipping address information. %s"
"Please define PDF object before using.","Please define PDF object before using."
"Please enter positive number in this field.","Please enter positive number in this field."
"Please select a customer","Vänligen välj en kund"
"Please select a store","Vänligen välj en butik"
"Please select a valid payment method.","Please select a valid payment method."
"Please select products to add","Vänligen välj produkter att lägga till"
"Please specify a shipping method.","Please specify a shipping method."
"Please specify a valid grid column alias name that exists in grid table.","Please specify a valid grid column alias name that exists in grid table."
"Price","Pris"
"Print","Skriv ut"
"Print All","Skriv ut alla"
"Print All Invoices","Skriv ut alla fakturor"
"Print All Refunds","Skriv ut alla återköp"
"Print All Shipments","Skriv ut alla leveranser"
"Print Credit Memos","Skriv ut alla kreditnotor"
"Print Invoice","Skriv ut faktura"
"Print Invoices","Skriv ut fakturor"
"Print Order","Skriv ut beställning"
"Print Order # %s","Skriv ut beställning #%s"
"Print Packingslips","Skriv ut fraktsedlar"
"Print Refund","Skriv ut återköp"
"Print Shipment","Skriv ut leverans"
"Print Shipping Label","Print Shipping Label"
"Print Shipping Labels","Print Shipping Labels"
"Processing","Behandlas"
"Processing data problem","Ett fel uppstod när datan skulle behandlas"
"Product","Produkt"
"Product Name","Produktnamn"
"Products","Produkter"
"Products Bestsellers Report","Products Bestsellers Report"
"Products in Compare List","Produkter i jämförelselistan"
"Products in Comparison List","Products in Comparison List"
"Products should be added to package(s)","Products should be added to package(s)"
"Profile #%s","Profile #%s"
"Profile Information","Profile Information"
"Profile State","Profile State"
"Profit","Profit"
"Promotion Coupons Usage Report","Promotion Coupons Usage Report"
"Proper payment object must be set.","Proper payment object must be set."
"Purchase Order Number:","Purchase Order Number:"
"Purchased From","Köptes från"
"Purchased From (Store)","Purchased From (Store)"
"Purchased Item","Purchased Item"
"Purchased On","Köpdatum"
"Purchased from (store)","Köptes från (butik)"
"QTY","Antal"
"Qty","Antal"
"Qty Invoiced","Fakturerat antal"
"Qty Ordered","Antal beställda"
"Qty Shipped","Levererat antal"
"Qty To Add","Antal att lägga till"
"Qty to Add","Qty to Add"
"Qty to Invoice","Antal att fakturera"
"Qty to Refund","Qty to Refund"
"Qty to Ship","Qty to Ship"
"Quantity Ordered","Quantity Ordered"
"Quote item id is not received.","Quote item id is not received."
"Quote item is not loaded.","Quote item is not loaded."
"Rate","Rate"
"Recent Orders","Nyligen lagda beställningar"
"Recently Compared Products","Nyligen jämförda produkter"
"Recently Viewed","Nyligen visade"
"Recently Viewed Products","Nyligen visade produkter"
"Recurring Profile # %s","Recurring Profile # %s"
"Recurring Profile Initial Fee","Recurring Profile Initial Fee"
"Recurring Profiles","Recurring Profiles"
"Recurring Profiles (beta)","Recurring Profiles (beta)"
"Reference ID","Reference ID"
"Reference ID:","Reference ID:"
"Refresh","Uppdatera"
"Refund","Återköp"
"Refund #","Återköp #"
"Refund #%s","Återköp #%s"
"Refund Amount","Återköpsbelopp"
"Refund Offline","Återköp nedkopplat"
"Refund Shipping","Refund Shipping"
"Refund Shipping (Excl. Tax)","Refund Shipping (Excl. Tax)"
"Refund Shipping (Incl. Tax)","Refund Shipping (Incl. Tax)"
"Refund Totals","Refund Totals"
"Refunded","Återköpta"
"Refunded amount of %s offline.","Refunded amount of %s offline."
"Refunded amount of %s online.","Refunded amount of %s online."
"Refunds","Återköp"
"Registered a Void notification.","Registered a Void notification."
"Registered notification about approved payment.","Registered notification about approved payment."
"Registered notification about captured amount of %s.","Registered notification about captured amount of %s."
"Registered notification about denied payment.","Registered notification about denied payment."
"Registered notification about refunded amount of %s.","Registered notification about refunded amount of %s."
"Registered update about approved payment.","Registered update about approved payment."
"Registered update about denied payment.","Registered update about denied payment."
"Regular Payment","Regular Payment"
"Related Orders","Related Orders"
"Remove","Ta bort"
"Remove Coupon Code","Ta bort kupongkod"
"Remove tracking number","Remove tracking number"
"Reorder","Ändra beställning"
"Retrieve credit memo info","Retrieve credit memo info"
"Retrieve credit memo information","Retrieve credit memo information"
"Retrieve credit memo list","Retrieve credit memo list"
"Retrieve invoice info","Retrieve invoice info"
"Retrieve invoice information","Retrieve invoice information"
"Retrieve list of credit memos by filters","Retrieve list of credit memos by filters"
"Retrieve list of invoices by filters","Retrieve list of invoices by filters"
"Retrieve list of orders by filters","Retrieve list of orders by filters"
"Retrieve list of shipments by filters","Retrieve list of shipments by filters"
"Retrieve order information","Retrieve order information"
"Retrieve orders info","Retrieve orders info"
"Retrieve shipment info","Retrieve shipment info"
"Retrieve shipment information","Retrieve shipment information"
"Return to Stock","Return to Stock"
"Returned","Återsända"
"Returns","Returns"
"Revenue","Revenue"
"Row Subtotal","Row Subtotal"
"Row Total","Totalt för rad"
"SHIP TO:","Leveransadress"
"SKU","Art. nr."
"SOLD TO:","Köpare"
"Sales","Försäljning"
"Sales Discount","Sales Discount"
"Sales Emails","Försäljning e-post"
"Sales Emails Section","Sales Emails Section"
"Sales Invoice Print View","Sales Invoice Print View"
"Sales Items","Sales Items"
"Sales Order Print View","Sales Order Print View"
"Sales Section","Sales Section"
"Sales Shipment Print View","Sales Shipment Print View"
"Sales Shipping","Sales Shipping"
"Sales Tax","Sales Tax"
"Sales Total","Sales Total"
"Same As Billing Address","Samma som fakturaadress"
"Save Order Address","Save Order Address"
"Save Status","Save Status"
"Save Status Assignment","Save Status Assignment"
"Save and Close Message","Save and Close Message"
"Save in address book","Spara i adressboken"
"Schedule","Schedule"
"Select","Select"
"Select All","Select All"
"Select from existing customer addresses:","Välj från befintliga kundadresser:"
"Send Credit Memo Comment Email Copy To","Skicka kopia av e-post för kreditnotakommentar till"
"Send Credit Memo Comments Email Copy Method","Send Credit Memo Comments Email Copy Method"
"Send Credit Memo Email Copy Method","Send Credit Memo Email Copy Method"
"Send Credit Memo Email Copy To","Skicka kopia av e-post för kreditnota till"
"Send Email","Send Email"
"Send Invoice Comment Email Copy To","Skicka kopia av e-post för fakturakommentar till"
"Send Invoice Comments Email Copy Method","Send Invoice Comments Email Copy Method"
"Send Invoice Email Copy Method","Send Invoice Email Copy Method"
"Send Invoice Email Copy To","Skicka fakturakopia med e-post till"
"Send Order Comment Email Copy To","Skicka kopia av e-post för beställningskommentar till"
"Send Order Comments Email Copy Method","Send Order Comments Email Copy Method"
"Send Order Email","Send Order Email"
"Send Order Email Copy Method","Send Order Email Copy Method"
"Send Order Email Copy To","Skicka orderbekräftelse via e-post till"
"Send Sales Emails","Send Sales Emails"
"Send Shipment Comment Email Copy To","Skicka leveranskommentar via e-post till"
"Send Shipment Comments Email Copy Method","Send Shipment Comments Email Copy Method"
"Send Shipment Email Copy Method","Send Shipment Email Copy Method"
"Send Shipment Email Copy To","Skicka leveransbekräftelse kopia till"
"Send Tracking Information","Skicka spårningsinformation"
"Send shipment info","Send shipment info"
"Set order for existing transactions not allowed","Set order for existing transactions not allowed"
"Ship","Leverera"
"Ship To","Ship To"
"Ship to","Skickas till"
"Ship to First name","Förnamn för leveransadress"
"Ship to Last name","Efternamn för leveransadress"
"Ship to Name","Leverans till"
"Ship to:","Ship to:"
"Shipment","Frakt"
"Shipment #","Försändelsenr."
"Shipment #%1$s | %3$s (%2$s)","Shipment #%1$s | %3$s (%2$s)"
"Shipment #%s","Leverans #%s"
"Shipment Comment Email Sender","Avsändare av e-post för leveranskommentar"
"Shipment Comment Email Template","E-postmall för leveranskommentar"
"Shipment Comment Email Template for Guest","E-postmall för kommentar till följesedel till gäst"
"Shipment Comments","Leveranskommentarer"
"Shipment Email Sender","Avsändare av e-post för leverans"
"Shipment Email Template","E-postmall för leverans"
"Shipment Email Template for Guest","E-postmall för följesedel till gäst"
"Shipment Update","Uppdatering av följesedel"
"Shipment Update for Guest","Uppdatering av följesedel till gäst"
"Shipment email not sent","E-post om leverans har inte skickats"
"Shipment email sent","E-post om leverans har skickats"
"Shipments","Leveranser"
"Shipped","Levererat"
"Shipped By","Levererat av"
"Shipping","Frakt"
"Shipping & Handling","Leverans"
"Shipping & Handling:","Leverans"
"Shipping &amp; Handling","Fraktavgift"
"Shipping &amp; Handling Information","Information om frakt"
"Shipping Address","Leveransadress"
"Shipping Amount","Leveransavgift"
"Shipping Information","Information om leverans"
"Shipping Method","Leveranssätt"
"Shipping Method:","Leveranssätt:"
"Shipping Refund","Återköp av leveransavgift"
"Shipping and Tracking Information","Shipping and Tracking Information"
"Shopping Cart","Varukorg"
"Show Packages","Show Packages"
"Signature Confirmation","Signature Confirmation"
"Signed Up From","Skrev upp sig från"
"Size","Size"
"Sku","Artikelnummer"
"Sold to:","Sold to:"
"Some items have quantities exceeding allowed quantities. Please select a lower quantity to checkout.","Vissa artiklar har beställts i antal som överstiger tillåtna mängder. Vänligen beställ färre av dessa för att kunna gå till kassan."
"Some of the products below do not have all the required options. Please edit them and configure all the required options.","Some of the products below do not have all the required options. Please edit them and configure all the required options."
"Some of the products below don't have all the required options. Please remove them and add again with all the required options.","Some of the products below don't have all the required options. Please remove them and add again with all the required options."
"Sorry, no quotes are available for this order at this time.","Tyvärr, för närvarande finns inga offerter tillgängliga för denna beställning."
"Source object is not specified.","Source object is not specified."
"Specified profile does not exist.","Specified profile does not exist."
"State Code [State Title]","State Code [State Title]"
"State/Province","Region"
"Status","Status"
"Status Code","Status Code"
"Status Label","Status Label"
"Status:","Status:"
"Store Credit","Butikskredit"
"Store View Specific Labels","Store View Specific Labels"
"Street Address","Street Address"
"Submit Comment","Spara kommentar"
"Submit Credit Memo","Skicka kreditnota"
"Submit Invoice","Bokför faktura"
"Submit Invoice and Shipment","Submit Invoice and Shipment"
"Submit Order","Skicka beställning"
"Submit Shipment","Leverera"
"Subscribe to Newsletter","Prenumerera på nyhetsbrev"
"Subscribe to Order Status","Prenumerera på beställningsstatus"
"Subtotal","Summa (ex.moms)"
"Subtotal after discount","Subtotal after discount"
"Subtotal after discount.","Subtotal after discount."
"Subtotal:","Subtotal:"
"Suspected Fraud","Suspected Fraud"
"Suspend","Suspend"
"Suspended","Suspended"
"TAX/VAT Number","TAX/VAT Number"
"Tax","Moms"
"Tax :","Moms:"
"Tax Amount","Moms"
"Tax Percent","Tax Percent"
"Telephone","Telefon"
"The Order State ""%s"" must not be set manually.","The Order State ""%s"" must not be set manually."
"The address total model should be extended from Mage_Sales_Model_Quote_Address_Total_Abstract.","The address total model should be extended from Mage_Sales_Model_Quote_Address_Total_Abstract."
"The billing agreement ""%s"" has been canceled.","The billing agreement ""%s"" has been canceled."
"The billing agreement ""%s"" has been created.","The billing agreement ""%s"" has been created."
"The coupon code has been accepted.","The coupon code has been accepted."
"The item %s (SKU %s) doesn't exist in the catalog anymore","Artikeln %s (artikelnummer %s) finns inte längre i katalogen"
"The message has been sent.","The message has been sent."
"The message was sent.","The message was sent."
"The order address has been updated.","The order address has been updated."
"The order email has been sent.","The order email has been sent."
"The order has been cancelled.","The order has been cancelled."
"The order has been created.","The order has been created."
"The order has been put on hold.","The order has been put on hold."
"The order has been released from holding status.","The order has been released from holding status."
"The order has not been cancelled.","The order has not been cancelled."
"The order status has been assigned.","The order status has been assigned."
"The order status has been saved.","The order status has been saved."
"The order status has been unassigned.","The order status has been unassigned."
"The order was not put on hold.","The order was not put on hold."
"The order was not unheld.","The order was not unheld."
"The order was placed using %s","The order was placed using %s"
"The order(s) cannot be canceled","The order(s) cannot be canceled"
"The payment has been accepted.","The payment has been accepted."
"The payment has been denied.","The payment has been denied."
"The payment has been voided.","The payment has been voided."
"The profile has been updated.","The profile has been updated."
"The profile has no changes.","The profile has no changes."
"The profile state has been updated.","The profile state has been updated."
"The quantity you want to add exceeds the total shipped quantity for some of selected Product(s)","The quantity you want to add exceeds the total shipped quantity for some of selected Product(s)"
"The requested Payment Method is not available.","The requested Payment Method is not available."
"The shipping label has been created.","The shipping label has been created."
"The transaction ""%s"" (%s) is already closed.","The transaction ""%s"" (%s) is already closed."
"The transaction ""%s"" cannot be captured yet.","The transaction ""%s"" cannot be captured yet."
"The value that you entered is not valid.","The value that you entered is not valid."
"There are no billing agreements yet.","There are no billing agreements yet."
"There are no printable documents related to selected orders","Den valda beställningen har inga dokument som är utskrivbara."
"There are no printable documents related to selected orders.","There are no printable documents related to selected orders."
"There are no shipping labels related to selected %s.","There are no shipping labels related to selected %s."
"There is no need to approve this payment.","There is no need to approve this payment."
"There is no need to deny this payment.","There is no need to deny this payment."
"There is no update for the payment.","There is no update for the payment."
"This message will be shown in shopping cart when subtotal after discount less than minimum amount","This message will be shown in shopping cart when subtotal after discount less than minimum amount"
"This message will be shown in shopping cart when subtotal after discount less than minimum amount.","This message will be shown in shopping cart when subtotal after discount less than minimum amount."
"This operation requires an existing transaction object.","This operation requires an existing transaction object."
"This order contains (%s) items and therefore cannot be edited through the admin interface at this time, if you wish to continue editing the (%s) items will be removed, the order will be canceled and a new order will be placed.","This order contains (%s) items and therefore cannot be edited through the admin interface at this time, if you wish to continue editing the (%s) items will be removed, the order will be canceled and a new order will be placed."
"This order no longer exists.","Denna beställning finns inte längre."
"This product does not have any configurable options","This product does not have any configurable options"
"This profile state cannot be changed to ""%s"".","This profile state cannot be changed to ""%s""."
"This will create an offline refund. To create an online refund, open an invoice and create credit memo for it. Do you wish to proceed?","This will create an offline refund. To create an online refund, open an invoice and create credit memo for it. Do you wish to proceed?"
"Tier Pricing","Tier Pricing"
"Title","Speditör"
"To","Till"
"To Name","Mottagarnamn"
"To:","Till:"
"Total","Total"
"Total %d product(s)","Total %d product(s)"
"Total (ex)","Total (ex)"
"Total (inc)","Total (inc)"
"Total Due","Totalsumma"
"Total Invoiced","Total Invoiced"
"Total Invoiced Paid","Total Invoiced Paid"
"Total Invoiced VS Paid Report","Total Invoiced VS Paid Report"
"Total Invoiced not Paid","Total Invoiced not Paid"
"Total Ordered Report","Total Ordered Report"
"Total Paid","Totalt betalt"
"Total Qty","Totalt antal"
"Total Refund","Totalt återköp"
"Total Refunded","Totalt återbetalt"
"Total Refunded Report","Total Refunded Report"
"Total Sales Shipping","Total Sales Shipping"
"Total Shipped Report","Total Shipped Report"
"Total Shipping","Total Shipping"
"Total Shipping Charges","Total Shipping Charges"
"Total Tax","Total Tax"
"Total Weight","Total Weight"
"Total model should be extended from Mage_Sales_Model_Order_Total_Abstract.","Total model should be extended from Mage_Sales_Model_Order_Total_Abstract."
"Total(ex)","Totalt"
"Total(inc)","Totalt"
"Track Order","Spåra beställning"
"Track all shipment(s)","Spåra alla leveranser"
"Track all shipments","Spåra alla leveranser"
"Track this shipment","Spåra denna leverans"
"Track your order","Spåra din beställning"
"Tracking","Tracking"
"Tracking Number","Spårningsnummer"
"Tracking Number(s)","Spårningsnummer"
"Tracking Number(s):","Tracking Number(s):"
"Transaction ""%s"" was already processed.","Transaction ""%s"" was already processed."
"Transaction # %s | %s","Transaction # %s | %s"
"Transaction ID","Transaction ID"
"Transaction ID must not be empty.","Transaction ID must not be empty."
"Transaction ID: ""%s"".","Transaction ID: ""%s""."
"Transaction Type","Transaction Type"
"Transactions","Transactions"
"Trial ","Trial "
"Trial Payment","Trial Payment"
"Trial Period","Trial Period"
"Trial period payment","Trial period payment"
"Type","Type"
"Unassign","Unassign"
"Unhold","Lägg fram"
"Unhold action is not available.","Unhold action is not available."
"Unhold order","Unhold order"
"Unknown State","Okänd region"
"Unknown Status","Okänt status"
"Unsupported transaction type ""%s"".","Unsupported transaction type ""%s""."
"Update Changes","Uppdatera ändringar"
"Update Items and Qty's","Update Items and Qty's"
"Update Items and Qty\'s","Update Items and Qty\'s"
"Update Qty's","Uppdatera antal"
"Update Qty\'s","Update Qty\'s"
"Updated At","Updated At"
"Updated:","Updated:"
"Use Aggregated Data (beta)","Use Aggregated Data (beta)"
"Use Order Status As Default","Use Order Status As Default"
"Validate Each Address Separately in Multi-address Checkout","Validate Each Address Separately in Multi-address Checkout"
"Validate each address separately in multi-address checkout","Validate each address separately in multi-address checkout"
"Value","Value"
"View","Visa"
"View All","Visa alla"
"View Another Order","View Another Order"
"View Order","Visa beställning"
"Visible on Frontend","Visible on Frontend"
"Void","Anullerad"
"Void invoice","Void invoice"
"Voided authorization.","Voided authorization."
"Website","Webbplats"
"Weight","Weight"
"Whether buyer can define the date when billing for the profile begins.","Whether buyer can define the date when billing for the profile begins."
"Width","Width"
"Wishlist","Önskelista"
"Wrong billing agreement ID specified.","Wrong billing agreement ID specified."
"Wrong quote item id to update configuration.","Wrong quote item id to update configuration."
"Wrong state: ""%s"".","Wrong state: ""%s""."
"Yes","Yes"
"You can leave a box blank if you don\'t wish to add a gift message for whole order","You can leave a box blank if you don\'t wish to add a gift message for whole order"
"You have placed no orders.","Du har inte lagt några beställningar."
"You will be redirected to the payment system website.","You will be redirected to the payment system website."
"Your credit card will be charged for","Your credit card will be charged for"
"ZIP/Post Code","Postadress"
"Zip/Postal Code","Zip/Postal Code"
"cm","cm"
"in","in"
"kg","kg"
"lb","lb"
"separate by "",""","separera med "","" (komma)"
"the credit memo email is not sent","the credit memo email is not sent"
"the credit memo email was sent","the credit memo email was sent"
"the invoice email is not sent","the invoice email is not sent"
"the invoice email was sent","the invoice email was sent"
"the order confirmation email is not sent","the order confirmation email is not sent"
"the order confirmation email was sent","the order confirmation email was sent"
"the shipment email is not sent","the shipment email is not sent"
"the shipment email was sent","the shipment email was sent"
